--
-- PostgreSQL database dump
--

\restrict 2Ia3wSyrzUjeeQvF5P7qwYTo0CAYslf6sgFRzpxMkRpDejlHiLmLMdYSP0uukEI

-- Dumped from database version 17.6
-- Dumped by pg_dump version 17.6

SET statement_timeout = 0;
SET lock_timeout = 0;
SET idle_in_transaction_session_timeout = 0;
SET transaction_timeout = 0;
SET client_encoding = 'WIN1251';
SET standard_conforming_strings = on;
SELECT pg_catalog.set_config('search_path', '', false);
SET check_function_bodies = false;
SET xmloption = content;
SET client_min_messages = warning;
SET row_security = off;

SET default_tablespace = '';

SET default_table_access_method = heap;

--
-- Name: auth_group; Type: TABLE; Schema: public; Owner: -
--

CREATE TABLE public.auth_group (
    id integer NOT NULL,
    name character varying(150) NOT NULL
);


--
-- Name: auth_group_id_seq; Type: SEQUENCE; Schema: public; Owner: -
--

ALTER TABLE public.auth_group ALTER COLUMN id ADD GENERATED BY DEFAULT AS IDENTITY (
    SEQUENCE NAME public.auth_group_id_seq
    START WITH 1
    INCREMENT BY 1
    NO MINVALUE
    NO MAXVALUE
    CACHE 1
);


--
-- Name: auth_group_permissions; Type: TABLE; Schema: public; Owner: -
--

CREATE TABLE public.auth_group_permissions (
    id bigint NOT NULL,
    group_id integer NOT NULL,
    permission_id integer NOT NULL
);


--
-- Name: auth_group_permissions_id_seq; Type: SEQUENCE; Schema: public; Owner: -
--

ALTER TABLE public.auth_group_permissions ALTER COLUMN id ADD GENERATED BY DEFAULT AS IDENTITY (
    SEQUENCE NAME public.auth_group_permissions_id_seq
    START WITH 1
    INCREMENT BY 1
    NO MINVALUE
    NO MAXVALUE
    CACHE 1
);


--
-- Name: auth_permission; Type: TABLE; Schema: public; Owner: -
--

CREATE TABLE public.auth_permission (
    id integer NOT NULL,
    name character varying(255) NOT NULL,
    content_type_id integer NOT NULL,
    codename character varying(100) NOT NULL
);


--
-- Name: auth_permission_id_seq; Type: SEQUENCE; Schema: public; Owner: -
--

ALTER TABLE public.auth_permission ALTER COLUMN id ADD GENERATED BY DEFAULT AS IDENTITY (
    SEQUENCE NAME public.auth_permission_id_seq
    START WITH 1
    INCREMENT BY 1
    NO MINVALUE
    NO MAXVALUE
    CACHE 1
);


--
-- Name: auth_user; Type: TABLE; Schema: public; Owner: -
--

CREATE TABLE public.auth_user (
    id integer NOT NULL,
    password character varying(128) NOT NULL,
    last_login timestamp with time zone,
    is_superuser boolean NOT NULL,
    username character varying(150) NOT NULL,
    first_name character varying(150) NOT NULL,
    last_name character varying(150) NOT NULL,
    email character varying(254) NOT NULL,
    is_staff boolean NOT NULL,
    is_active boolean NOT NULL,
    date_joined timestamp with time zone NOT NULL
);


--
-- Name: auth_user_groups; Type: TABLE; Schema: public; Owner: -
--

CREATE TABLE public.auth_user_groups (
    id bigint NOT NULL,
    user_id integer NOT NULL,
    group_id integer NOT NULL
);


--
-- Name: auth_user_groups_id_seq; Type: SEQUENCE; Schema: public; Owner: -
--

ALTER TABLE public.auth_user_groups ALTER COLUMN id ADD GENERATED BY DEFAULT AS IDENTITY (
    SEQUENCE NAME public.auth_user_groups_id_seq
    START WITH 1
    INCREMENT BY 1
    NO MINVALUE
    NO MAXVALUE
    CACHE 1
);


--
-- Name: auth_user_id_seq; Type: SEQUENCE; Schema: public; Owner: -
--

ALTER TABLE public.auth_user ALTER COLUMN id ADD GENERATED BY DEFAULT AS IDENTITY (
    SEQUENCE NAME public.auth_user_id_seq
    START WITH 1
    INCREMENT BY 1
    NO MINVALUE
    NO MAXVALUE
    CACHE 1
);


--
-- Name: auth_user_user_permissions; Type: TABLE; Schema: public; Owner: -
--

CREATE TABLE public.auth_user_user_permissions (
    id bigint NOT NULL,
    user_id integer NOT NULL,
    permission_id integer NOT NULL
);


--
-- Name: auth_user_user_permissions_id_seq; Type: SEQUENCE; Schema: public; Owner: -
--

ALTER TABLE public.auth_user_user_permissions ALTER COLUMN id ADD GENERATED BY DEFAULT AS IDENTITY (
    SEQUENCE NAME public.auth_user_user_permissions_id_seq
    START WITH 1
    INCREMENT BY 1
    NO MINVALUE
    NO MAXVALUE
    CACHE 1
);


--
-- Name: clients_client; Type: TABLE; Schema: public; Owner: -
--

CREATE TABLE public.clients_client (
    id bigint NOT NULL,
    name character varying(255) NOT NULL,
    surname character varying(255) NOT NULL,
    phone character varying(20),
    email character varying(254) NOT NULL,
    created_at timestamp with time zone NOT NULL
);


--
-- Name: clients_client_id_seq; Type: SEQUENCE; Schema: public; Owner: -
--

ALTER TABLE public.clients_client ALTER COLUMN id ADD GENERATED BY DEFAULT AS IDENTITY (
    SEQUENCE NAME public.clients_client_id_seq
    START WITH 1
    INCREMENT BY 1
    NO MINVALUE
    NO MAXVALUE
    CACHE 1
);


--
-- Name: clients_ivecobasemodel; Type: TABLE; Schema: public; Owner: -
--

CREATE TABLE public.clients_ivecobasemodel (
    id bigint NOT NULL,
    name character varying(100) NOT NULL
);


--
-- Name: clients_ivecobasemodel_id_seq; Type: SEQUENCE; Schema: public; Owner: -
--

ALTER TABLE public.clients_ivecobasemodel ALTER COLUMN id ADD GENERATED BY DEFAULT AS IDENTITY (
    SEQUENCE NAME public.clients_ivecobasemodel_id_seq
    START WITH 1
    INCREMENT BY 1
    NO MINVALUE
    NO MAXVALUE
    CACHE 1
);


--
-- Name: clients_truck; Type: TABLE; Schema: public; Owner: -
--

CREATE TABLE public.clients_truck (
    id bigint NOT NULL,
    specific_model_name character varying(100) NOT NULL,
    full_vin character varying(17) NOT NULL,
    last_seven_vin character varying(7) NOT NULL,
    license_plate character varying(20) NOT NULL,
    year_of_manufacture integer NOT NULL,
    current_mileage integer NOT NULL,
    transmission_type character varying(10) NOT NULL,
    emission_standard character varying(10) NOT NULL,
    base_model_id bigint NOT NULL,
    client_id bigint NOT NULL,
    CONSTRAINT clients_truck_current_mileage_check CHECK ((current_mileage >= 0)),
    CONSTRAINT clients_truck_year_of_manufacture_check CHECK ((year_of_manufacture >= 0))
);


--
-- Name: clients_truck_id_seq; Type: SEQUENCE; Schema: public; Owner: -
--

ALTER TABLE public.clients_truck ALTER COLUMN id ADD GENERATED BY DEFAULT AS IDENTITY (
    SEQUENCE NAME public.clients_truck_id_seq
    START WITH 1
    INCREMENT BY 1
    NO MINVALUE
    NO MAXVALUE
    CACHE 1
);


--
-- Name: django_admin_log; Type: TABLE; Schema: public; Owner: -
--

CREATE TABLE public.django_admin_log (
    id integer NOT NULL,
    action_time timestamp with time zone NOT NULL,
    object_id text,
    object_repr character varying(200) NOT NULL,
    action_flag smallint NOT NULL,
    change_message text NOT NULL,
    content_type_id integer,
    user_id integer NOT NULL,
    CONSTRAINT django_admin_log_action_flag_check CHECK ((action_flag >= 0))
);


--
-- Name: django_admin_log_id_seq; Type: SEQUENCE; Schema: public; Owner: -
--

ALTER TABLE public.django_admin_log ALTER COLUMN id ADD GENERATED BY DEFAULT AS IDENTITY (
    SEQUENCE NAME public.django_admin_log_id_seq
    START WITH 1
    INCREMENT BY 1
    NO MINVALUE
    NO MAXVALUE
    CACHE 1
);


--
-- Name: django_content_type; Type: TABLE; Schema: public; Owner: -
--

CREATE TABLE public.django_content_type (
    id integer NOT NULL,
    app_label character varying(100) NOT NULL,
    model character varying(100) NOT NULL
);


--
-- Name: django_content_type_id_seq; Type: SEQUENCE; Schema: public; Owner: -
--

ALTER TABLE public.django_content_type ALTER COLUMN id ADD GENERATED BY DEFAULT AS IDENTITY (
    SEQUENCE NAME public.django_content_type_id_seq
    START WITH 1
    INCREMENT BY 1
    NO MINVALUE
    NO MAXVALUE
    CACHE 1
);


--
-- Name: django_migrations; Type: TABLE; Schema: public; Owner: -
--

CREATE TABLE public.django_migrations (
    id bigint NOT NULL,
    app character varying(255) NOT NULL,
    name character varying(255) NOT NULL,
    applied timestamp with time zone NOT NULL
);


--
-- Name: django_migrations_id_seq; Type: SEQUENCE; Schema: public; Owner: -
--

ALTER TABLE public.django_migrations ALTER COLUMN id ADD GENERATED BY DEFAULT AS IDENTITY (
    SEQUENCE NAME public.django_migrations_id_seq
    START WITH 1
    INCREMENT BY 1
    NO MINVALUE
    NO MAXVALUE
    CACHE 1
);


--
-- Name: django_session; Type: TABLE; Schema: public; Owner: -
--

CREATE TABLE public.django_session (
    session_key character varying(40) NOT NULL,
    session_data text NOT NULL,
    expire_date timestamp with time zone NOT NULL
);


--
-- Name: inventory_part; Type: TABLE; Schema: public; Owner: -
--

CREATE TABLE public.inventory_part (
    id bigint NOT NULL,
    name character varying(255) NOT NULL,
    sku_code character varying(100) NOT NULL,
    current_stock integer NOT NULL,
    price numeric(10,2) NOT NULL,
    CONSTRAINT inventory_part_current_stock_check CHECK ((current_stock >= 0))
);


--
-- Name: inventory_part_id_seq; Type: SEQUENCE; Schema: public; Owner: -
--

ALTER TABLE public.inventory_part ALTER COLUMN id ADD GENERATED BY DEFAULT AS IDENTITY (
    SEQUENCE NAME public.inventory_part_id_seq
    START WITH 1
    INCREMENT BY 1
    NO MINVALUE
    NO MAXVALUE
    CACHE 1
);


--
-- Name: inventory_usedpart; Type: TABLE; Schema: public; Owner: -
--

CREATE TABLE public.inventory_usedpart (
    id bigint NOT NULL,
    quantity integer NOT NULL,
    part_id bigint NOT NULL,
    service_work_id bigint NOT NULL,
    CONSTRAINT inventory_usedpart_quantity_check CHECK ((quantity >= 0))
);


--
-- Name: inventory_usedpart_id_seq; Type: SEQUENCE; Schema: public; Owner: -
--

ALTER TABLE public.inventory_usedpart ALTER COLUMN id ADD GENERATED BY DEFAULT AS IDENTITY (
    SEQUENCE NAME public.inventory_usedpart_id_seq
    START WITH 1
    INCREMENT BY 1
    NO MINVALUE
    NO MAXVALUE
    CACHE 1
);


--
-- Name: orders_employee; Type: TABLE; Schema: public; Owner: -
--

CREATE TABLE public.orders_employee (
    id bigint NOT NULL,
    name character varying(255) NOT NULL,
    "position" character varying(100) NOT NULL,
    phone character varying(20) NOT NULL
);


--
-- Name: orders_employee_id_seq; Type: SEQUENCE; Schema: public; Owner: -
--

ALTER TABLE public.orders_employee ALTER COLUMN id ADD GENERATED BY DEFAULT AS IDENTITY (
    SEQUENCE NAME public.orders_employee_id_seq
    START WITH 1
    INCREMENT BY 1
    NO MINVALUE
    NO MAXVALUE
    CACHE 1
);


--
-- Name: orders_maintenancelog; Type: TABLE; Schema: public; Owner: -
--

CREATE TABLE public.orders_maintenancelog (
    id bigint NOT NULL,
    completion_date date NOT NULL,
    completion_mileage integer NOT NULL,
    truck_id bigint NOT NULL,
    rule_id bigint NOT NULL,
    CONSTRAINT orders_maintenancelog_completion_mileage_check CHECK ((completion_mileage >= 0))
);


--
-- Name: orders_maintenancelog_id_seq; Type: SEQUENCE; Schema: public; Owner: -
--

ALTER TABLE public.orders_maintenancelog ALTER COLUMN id ADD GENERATED BY DEFAULT AS IDENTITY (
    SEQUENCE NAME public.orders_maintenancelog_id_seq
    START WITH 1
    INCREMENT BY 1
    NO MINVALUE
    NO MAXVALUE
    CACHE 1
);


--
-- Name: orders_maintenancerule; Type: TABLE; Schema: public; Owner: -
--

CREATE TABLE public.orders_maintenancerule (
    id bigint NOT NULL,
    name character varying(255) NOT NULL,
    interval_km integer NOT NULL,
    applicable_transmission character varying(10) NOT NULL,
    CONSTRAINT orders_maintenancerule_interval_km_check CHECK ((interval_km >= 0))
);


--
-- Name: orders_maintenancerule_applicable_models; Type: TABLE; Schema: public; Owner: -
--

CREATE TABLE public.orders_maintenancerule_applicable_models (
    id bigint NOT NULL,
    maintenancerule_id bigint NOT NULL,
    ivecobasemodel_id bigint NOT NULL
);


--
-- Name: orders_maintenancerule_applicable_models_id_seq; Type: SEQUENCE; Schema: public; Owner: -
--

ALTER TABLE public.orders_maintenancerule_applicable_models ALTER COLUMN id ADD GENERATED BY DEFAULT AS IDENTITY (
    SEQUENCE NAME public.orders_maintenancerule_applicable_models_id_seq
    START WITH 1
    INCREMENT BY 1
    NO MINVALUE
    NO MAXVALUE
    CACHE 1
);


--
-- Name: orders_maintenancerule_id_seq; Type: SEQUENCE; Schema: public; Owner: -
--

ALTER TABLE public.orders_maintenancerule ALTER COLUMN id ADD GENERATED BY DEFAULT AS IDENTITY (
    SEQUENCE NAME public.orders_maintenancerule_id_seq
    START WITH 1
    INCREMENT BY 1
    NO MINVALUE
    NO MAXVALUE
    CACHE 1
);


--
-- Name: orders_repairphoto; Type: TABLE; Schema: public; Owner: -
--

CREATE TABLE public.orders_repairphoto (
    id bigint NOT NULL,
    image character varying(100) NOT NULL,
    caption character varying(255) NOT NULL,
    uploaded_at timestamp with time zone NOT NULL,
    service_order_id bigint NOT NULL
);


--
-- Name: orders_repairphoto_id_seq; Type: SEQUENCE; Schema: public; Owner: -
--

ALTER TABLE public.orders_repairphoto ALTER COLUMN id ADD GENERATED BY DEFAULT AS IDENTITY (
    SEQUENCE NAME public.orders_repairphoto_id_seq
    START WITH 1
    INCREMENT BY 1
    NO MINVALUE
    NO MAXVALUE
    CACHE 1
);


--
-- Name: orders_serviceorder; Type: TABLE; Schema: public; Owner: -
--

CREATE TABLE public.orders_serviceorder (
    id bigint NOT NULL,
    status character varying(20) NOT NULL,
    description text NOT NULL,
    start_date timestamp with time zone NOT NULL,
    end_date timestamp with time zone,
    total_cost numeric(10,2) NOT NULL,
    client_id bigint NOT NULL,
    truck_id bigint NOT NULL,
    car_photo character varying(100),
    odometer_photo character varying(100)
);


--
-- Name: orders_serviceorder_id_seq; Type: SEQUENCE; Schema: public; Owner: -
--

ALTER TABLE public.orders_serviceorder ALTER COLUMN id ADD GENERATED BY DEFAULT AS IDENTITY (
    SEQUENCE NAME public.orders_serviceorder_id_seq
    START WITH 1
    INCREMENT BY 1
    NO MINVALUE
    NO MAXVALUE
    CACHE 1
);


--
-- Name: orders_servicework; Type: TABLE; Schema: public; Owner: -
--

CREATE TABLE public.orders_servicework (
    id bigint NOT NULL,
    job_description character varying(255) NOT NULL,
    labor_cost numeric(10,2) NOT NULL,
    duration_hours numeric(5,2) NOT NULL,
    employee_id bigint,
    service_order_id bigint NOT NULL,
    work_group_id bigint
);


--
-- Name: orders_servicework_id_seq; Type: SEQUENCE; Schema: public; Owner: -
--

ALTER TABLE public.orders_servicework ALTER COLUMN id ADD GENERATED BY DEFAULT AS IDENTITY (
    SEQUENCE NAME public.orders_servicework_id_seq
    START WITH 1
    INCREMENT BY 1
    NO MINVALUE
    NO MAXVALUE
    CACHE 1
);


--
-- Name: orders_workgroup; Type: TABLE; Schema: public; Owner: -
--

CREATE TABLE public.orders_workgroup (
    id bigint NOT NULL,
    name character varying(255) NOT NULL,
    price_per_hour numeric(10,2) NOT NULL
);


--
-- Name: orders_workgroup_id_seq; Type: SEQUENCE; Schema: public; Owner: -
--

ALTER TABLE public.orders_workgroup ALTER COLUMN id ADD GENERATED BY DEFAULT AS IDENTITY (
    SEQUENCE NAME public.orders_workgroup_id_seq
    START WITH 1
    INCREMENT BY 1
    NO MINVALUE
    NO MAXVALUE
    CACHE 1
);


--
-- Data for Name: auth_group; Type: TABLE DATA; Schema: public; Owner: -
--

COPY public.auth_group (id, name) FROM stdin;
2	Mechanic
1	Manager
\.


--
-- Data for Name: auth_group_permissions; Type: TABLE DATA; Schema: public; Owner: -
--

COPY public.auth_group_permissions (id, group_id, permission_id) FROM stdin;
\.


--
-- Data for Name: auth_permission; Type: TABLE DATA; Schema: public; Owner: -
--

COPY public.auth_permission (id, name, content_type_id, codename) FROM stdin;
1	Can add log entry	1	add_logentry
2	Can change log entry	1	change_logentry
3	Can delete log entry	1	delete_logentry
4	Can view log entry	1	view_logentry
5	Can add permission	2	add_permission
6	Can change permission	2	change_permission
7	Can delete permission	2	delete_permission
8	Can view permission	2	view_permission
9	Can add group	3	add_group
10	Can change group	3	change_group
11	Can delete group	3	delete_group
12	Can view group	3	view_group
13	Can add user	4	add_user
14	Can change user	4	change_user
15	Can delete user	4	delete_user
16	Can view user	4	view_user
17	Can add content type	5	add_contenttype
18	Can change content type	5	change_contenttype
19	Can delete content type	5	delete_contenttype
20	Can view content type	5	view_contenttype
21	Can add session	6	add_session
22	Can change session	6	change_session
23	Can delete session	6	delete_session
24	Can view session	6	view_session
25	Can add Клієнт	7	add_client
26	Can change Клієнт	7	change_client
27	Can delete Клієнт	7	delete_client
28	Can view Клієнт	7	view_client
29	Can add Базова модель Iveco	8	add_ivecobasemodel
30	Can change Базова модель Iveco	8	change_ivecobasemodel
31	Can delete Базова модель Iveco	8	delete_ivecobasemodel
32	Can view Базова модель Iveco	8	view_ivecobasemodel
33	Can add Вантажівка	9	add_truck
34	Can change Вантажівка	9	change_truck
35	Can delete Вантажівка	9	delete_truck
36	Can view Вантажівка	9	view_truck
37	Can add Працівник	10	add_employee
38	Can change Працівник	10	change_employee
39	Can delete Працівник	10	delete_employee
40	Can view Працівник	10	view_employee
41	Can add Правило регламенту	11	add_maintenancerule
42	Can change Правило регламенту	11	change_maintenancerule
43	Can delete Правило регламенту	11	delete_maintenancerule
44	Can view Правило регламенту	11	view_maintenancerule
45	Can add Запис у журналі регламенту	12	add_maintenancelog
46	Can change Запис у журналі регламенту	12	change_maintenancelog
47	Can delete Запис у журналі регламенту	12	delete_maintenancelog
48	Can view Запис у журналі регламенту	12	view_maintenancelog
49	Can add Замовлення-наряд	13	add_serviceorder
50	Can change Замовлення-наряд	13	change_serviceorder
51	Can delete Замовлення-наряд	13	delete_serviceorder
52	Can view Замовлення-наряд	13	view_serviceorder
53	Can add Виконана робота	14	add_servicework
54	Can change Виконана робота	14	change_servicework
55	Can delete Виконана робота	14	delete_servicework
56	Can view Виконана робота	14	view_servicework
57	Can add Запчастина	15	add_part
58	Can change Запчастина	15	change_part
59	Can delete Запчастина	15	delete_part
60	Can view Запчастина	15	view_part
61	Can add Використана запчастина	16	add_usedpart
62	Can change Використана запчастина	16	change_usedpart
63	Can delete Використана запчастина	16	delete_usedpart
64	Can view Використана запчастина	16	view_usedpart
65	Can add Група робіт	17	add_workgroup
66	Can change Група робіт	17	change_workgroup
67	Can delete Група робіт	17	delete_workgroup
68	Can view Група робіт	17	view_workgroup
69	Can add repair photo	18	add_repairphoto
70	Can change repair photo	18	change_repairphoto
71	Can delete repair photo	18	delete_repairphoto
72	Can view repair photo	18	view_repairphoto
\.


--
-- Data for Name: auth_user; Type: TABLE DATA; Schema: public; Owner: -
--

COPY public.auth_user (id, password, last_login, is_superuser, username, first_name, last_name, email, is_staff, is_active, date_joined) FROM stdin;
2	pbkdf2_sha256$1000000$4G6q3PHyDc5SESvQOL36Qy$7+fIOB22AGsxPrQC/50/nI0NNg3yD+lfm2c+5/JVzP8=	\N	f	V_Nos				f	t	2025-09-16 23:12:34+03
1	pbkdf2_sha256$1000000$z4SeRm8bOJTH8hqQeh1LAt$F+81RTtR56rc+jZsT7c3+4FF1Xj9gDeGl2gNX9iLPdA=	2025-09-18 22:53:55.775165+03	t	admin			admin@gmail.com	t	t	2025-09-14 22:40:40.279163+03
\.


--
-- Data for Name: auth_user_groups; Type: TABLE DATA; Schema: public; Owner: -
--

COPY public.auth_user_groups (id, user_id, group_id) FROM stdin;
1	2	1
\.


--
-- Data for Name: auth_user_user_permissions; Type: TABLE DATA; Schema: public; Owner: -
--

COPY public.auth_user_user_permissions (id, user_id, permission_id) FROM stdin;
\.


--
-- Data for Name: clients_client; Type: TABLE DATA; Schema: public; Owner: -
--

COPY public.clients_client (id, name, surname, phone, email, created_at) FROM stdin;
1127	Трафік		+380505000000		2025-09-17 00:15:20.330128+03
1128	Берегівський		\N		2025-09-17 00:15:20.354216+03
1132	Авторомаріо		\N		2025-09-17 00:15:20.371792+03
1133	Сергій Середа		+380671000000		2025-09-17 00:15:20.374873+03
1134	Назар Бенсь		+380680000000		2025-09-17 00:15:20.37788+03
1135	АДС		+380632000000		2025-09-17 00:15:20.380869+03
1136	Роман Червеняк		+380973000000		2025-09-17 00:15:20.386206+03
1137	Ігор, м. Львів		+380688000000		2025-09-17 00:15:20.389567+03
1138	Оселя		+380639000000		2025-09-17 00:15:20.393157+03
1139	Делчим (Нечипорук продав)		+380672000000		2025-09-17 00:15:20.396276+03
1140	Святослав		+380972000000		2025-09-17 00:15:20.399272+03
1141	ТзОВ "Престиж Транс"		+380986000000		2025-09-17 00:15:20.402296+03
1142	Богдан Байцер		+380987000000		2025-09-17 00:15:20.409209+03
1143	ТзОВ "Еліпс"		+380344000000		2025-09-17 00:15:20.418187+03
1144	ТОВ "ВЕСТ-ВУД ЛТД"		+380956000000		2025-09-17 00:15:20.421685+03
1145	МП "Візит", м. Броди		+380991000000		2025-09-17 00:15:20.430447+03
1146	Адам		+380978000000		2025-09-17 00:15:20.433854+03
1147	ТОВ "АВТО-МВ"		\N		2025-09-17 00:15:20.437439+03
1148	НЕК "УКРЕНЕРГО"		\N		2025-09-17 00:15:20.440562+03
1149	ФОП Дмитрів Марія Володимирівна		\N		2025-09-17 00:15:20.443992+03
1150	Ігор Румунія		40739461345		2025-09-17 00:15:20.447217+03
1151	Володимир		+380504000000		2025-09-17 00:15:20.450648+03
1152	ТзОВ "КВАДРОКОМП"		+380678000000		2025-09-17 00:15:20.454429+03
1153	Тарас Булаш		+380975000000		2025-09-17 00:15:20.458008+03
1154	Валерій Гончарук		761960000000		2025-09-17 00:15:20.461313+03
1155	Олександр, м. Полтава		+380997000000		2025-09-17 00:15:20.467601+03
1156	Андрушкевич І.М.		+380976000000		2025-09-17 00:15:20.471093+03
1157	Андрій Барладин		+380961000000		2025-09-17 00:15:20.474237+03
1158	Андрій		+380679000000		2025-09-17 00:15:20.477712+03
1159	Андрій		+380682000000		2025-09-17 00:15:20.480848+03
1160	Гаргуля Дмитро, м. Рівне		+380634000000		2025-09-17 00:15:20.487477+03
1161	Олександр, м. Черкаси		+380958000000		2025-09-17 00:15:20.490667+03
1162	Добротранс		+380966000000		2025-09-17 00:15:20.494565+03
1163	Олександр		+380673000000		2025-09-17 00:15:20.498341+03
1164	Ігор Клебан (Сармат)		\N		2025-09-17 00:15:20.509406+03
1165	Володимир Задорожний		+380963000000		2025-09-17 00:15:20.519166+03
1166	Сергій Якімов		+380979000000		2025-09-17 00:15:20.537311+03
1167	Олександр Токар		\N		2025-09-17 00:15:20.543166+03
1168	Володимир Герман		677477170		2025-09-17 00:15:20.554131+03
1169	Роман Сидор		635753323		2025-09-17 00:15:20.566191+03
1170	РАФ-Транс		\N		2025-09-17 00:15:20.571624+03
1171	Прескуб		+380960000000		2025-09-17 00:15:20.574639+03
1172	Крамар Лтд.		+380982000000		2025-09-17 00:15:20.583254+03
1173	Михайло Мадай		+380980000000		2025-09-17 00:15:20.594707+03
1174	Куб транс		\N		2025-09-17 00:15:20.601527+03
1175	Діма Москальчин		\N		2025-09-17 00:15:20.60503+03
1176	Тарас Коцабюк		\N		2025-09-17 00:15:20.608884+03
1177	Андрій Цікало		\N		2025-09-17 00:15:20.612484+03
1178	Тарас Даліновський, м. Жовква		\N		2025-09-17 00:15:20.616417+03
1179	Андрій Гупало		+380633000000		2025-09-17 00:15:20.622849+03
1180	Олексій Маркін		+380969000000		2025-09-17 00:15:20.629397+03
1181	Юра Гулій		+380985000000		2025-09-17 00:15:20.634908+03
1182	Будбаза		\N		2025-09-17 00:15:20.6383+03
1183	Вячеслав Титов		\N		2025-09-17 00:15:20.641629+03
1184	ТОВ "ВЕСТ-ВУД ЛТД"		\N		2025-09-17 00:15:20.644794+03
1185	Володимир Цицик		+380937000000		2025-09-17 00:15:20.647774+03
1186	Трафік		\N		2025-09-17 00:15:20.650756+03
1187	Олександр Кульчицький		+380984000000		2025-09-17 00:15:20.653994+03
1188	Олександр, м. Кривий Ріг		\N		2025-09-17 00:15:20.657206+03
1189	Юрій Неділько		+380676000000		2025-09-17 00:15:20.660176+03
1190	Руслан Жеребецький		+380674000000		2025-09-17 00:15:20.663208+03
1191	Савітар		\N		2025-09-17 00:15:20.669046+03
1192	Назар Сіренко		+380936000000		2025-09-17 00:15:20.677375+03
1193	Гончаренко транспорт		\N		2025-09-17 00:15:20.680461+03
1194	Вомонд		\N		2025-09-17 00:15:20.686644+03
1195	Агро Віта		\N		2025-09-17 00:15:20.692028+03
1196	Юрій Шандро		+380959000000		2025-09-17 00:15:20.702914+03
1197	ПП "Лугукртранс"		\N		2025-09-17 00:15:20.709769+03
1198	Роман Гнип		+380967000000		2025-09-17 00:15:20.712683+03
1199	Автотранс Дік		\N		2025-09-17 00:15:20.72455+03
1200	Вінавтотрак		\N		2025-09-17 00:15:20.727967+03
1201	Інтертранс Груп		\N		2025-09-17 00:15:20.731369+03
1202	Комфортсервіс		\N		2025-09-17 00:15:20.734498+03
1203	Андрій Іськів		\N		2025-09-17 00:15:20.743242+03
1204	Олег Никеруй		+380989000000		2025-09-17 00:15:20.746757+03
1205	ТОВ "Авто-МВ"		\N		2025-09-17 00:15:20.752381+03
1206	Олександр Матвіюк		\N		2025-09-17 00:15:20.755755+03
1207	Адемн		\N		2025-09-17 00:15:20.761641+03
1208	Павло Скочій		\N		2025-09-17 00:15:20.7651+03
1209	Женя		+380507000000		2025-09-17 00:15:20.774103+03
1210	Ярославтранс		\N		2025-09-17 00:15:20.784331+03
1211	Андрій Кохан		+380968000000		2025-09-17 00:15:20.787962+03
1212	Eximfood		\N		2025-09-17 00:15:20.791711+03
1213	Андрій Подоляк		\N		2025-09-17 00:15:20.800643+03
1214	Олег		+380635000000		2025-09-17 00:15:20.803758+03
1215	Павло Крикун		+380951000000		2025-09-17 00:15:20.807319+03
1216	Людмила Янчук		+380508000000		2025-09-17 00:15:20.811323+03
1217	ТзОВ "Козяр транс"		\N		2025-09-17 00:15:20.814507+03
1218	Сільвео		+380957000000		2025-09-17 00:15:20.817762+03
1219	Олександр Козаченко		+380933000000		2025-09-17 00:15:20.823952+03
1220	Лотут		\N		2025-09-17 00:15:20.832732+03
1221	Володимир Ходус		\N		2025-09-17 00:15:20.83582+03
1222	ТзОВ "Денестр"		+380322000000		2025-09-17 00:15:20.855427+03
1223	Іван Пустовий		+380981000000		2025-09-17 00:15:20.867661+03
1130	Юрій	Ригель	+380677000000		2025-09-17 00:15:20.365823+03
1131	Тарас	Сухарина	+380977000000		2025-09-17 00:15:20.368831+03
1224	Влад Бондар		\N		2025-09-17 00:15:20.871073+03
1225	Транс Євро Буд		\N		2025-09-17 00:15:20.878371+03
1226	Володимир Ригель		\N		2025-09-17 00:15:20.881565+03
1227	Павло Черкасюк		+380964000000		2025-09-17 00:15:20.887696+03
1228	МП "Візит"		\N		2025-09-17 00:15:20.890731+03
1229	Автоатлант		\N		2025-09-17 00:15:20.894312+03
1230	Едбудтранс		\N		2025-09-17 00:15:20.902993+03
1231	ФОП Лісний Дмитро Іванович		\N		2025-09-17 00:15:20.906031+03
1232	Рено командор		+380681000000		2025-09-17 00:15:20.911967+03
1233	Прикарпаттранс		38096500038		2025-09-17 00:15:20.920354+03
1234	Юрій Федюк		+380965000000		2025-09-17 00:15:20.923578+03
1235	Автотрейд		\N		2025-09-17 00:15:20.927253+03
1236	Тарас Сухарина		\N		2025-09-17 00:15:20.933465+03
1237	Натура Сервіс		\N		2025-09-17 00:15:20.93969+03
1238	Нордік Буд		\N		2025-09-17 00:15:20.949699+03
1239	Роман Краківець		\N		2025-09-17 00:15:20.955829+03
1240	Делчим		\N		2025-09-17 00:15:20.972457+03
1241	Василь Балич		+380962000000		2025-09-17 00:15:20.97559+03
1242	Володимир Чилинюх		\N		2025-09-17 00:15:20.979496+03
1243	ТзОВ "МІЛА"		+380983000000		2025-09-17 00:15:20.985356+03
1244	Владислав		\N		2025-09-17 00:15:20.988574+03
1245	Святослав Латош		\N		2025-09-17 00:15:21.001242+03
1246	Віст		\N		2025-09-17 00:15:21.008135+03
1247	Афрако		\N		2025-09-17 00:15:21.026739+03
1248	Віталій Заіка		+380988000000		2025-09-17 00:15:21.033488+03
1249	Володя Куликів		\N		2025-09-17 00:15:21.036685+03
1250	Гандікап		\N		2025-09-17 00:15:21.048252+03
1251	Назар		\N		2025-09-17 00:15:21.051187+03
1252	Михайло Сидор		\N		2025-09-17 00:15:21.057671+03
1253	САВ 92		\N		2025-09-17 00:15:21.061192+03
1254	Владислав		3800690000000		2025-09-17 00:15:21.064544+03
1255	Військова		\N		2025-09-17 00:15:21.073451+03
1256	Олександр Кужель		+380506000000		2025-09-17 00:15:21.079802+03
1257	Фрутіано		+380685000000		2025-09-17 00:15:21.085342+03
1258	Остап м. Тернопіль		\N		2025-09-17 00:15:21.089408+03
1259	Назар Капустяк		\N		2025-09-17 00:15:21.096953+03
1260	Бульбаш		\N		2025-09-17 00:15:21.105911+03
1261	КЛ "Україна"		\N		2025-09-17 00:15:21.120244+03
1262	Стрийське АТП		\N		2025-09-17 00:15:21.132782+03
1263	Савенков Роман		+380953000000		2025-09-17 00:15:21.136071+03
1264	Фаворит транс		\N		2025-09-17 00:15:21.142499+03
1265	Юра Львович		\N		2025-09-17 00:15:21.145701+03
1266	Андрій Щеплотський		+380675000000		2025-09-17 00:15:21.155769+03
1267	Назар Мицак		\N		2025-09-17 00:15:21.162279+03
1268	Асканія Флора		\N		2025-09-17 00:15:21.165929+03
1269	Яворівські ковбаси		\N		2025-09-17 00:15:21.169445+03
1270	Михайло Легиза		+380503000000		2025-09-17 00:15:21.183696+03
1271	Вадим Нечипуровський		+380683000000		2025-09-17 00:15:21.189314+03
1272	Ярослав Гозда		\N		2025-09-17 00:15:21.192635+03
1273	Богдан Ілляшик		+380509000000		2025-09-17 00:15:21.203492+03
1274	Франківськ Будтранс		\N		2025-09-17 00:15:21.209353+03
1275	Руслан		\N		2025-09-17 00:15:21.220713+03
1276	Петро Драган		\N		2025-09-17 00:15:21.231879+03
1277	Флюндра		\N		2025-09-17 00:15:21.237898+03
1278	Юрій Якобчук		+380668000000		2025-09-17 00:15:21.240925+03
1279	Назар Сабат		\N		2025-09-17 00:15:21.246922+03
1280	Грейнс Лоджистік		\N		2025-09-17 00:15:21.250365+03
1281	Владтранс		\N		2025-09-17 00:15:21.25648+03
1282	ФОП Мочерад		\N		2025-09-17 00:15:21.25938+03
1283	Руслан Пастущак		\N		2025-09-17 00:15:21.264751+03
1284	Густов Густович		\N		2025-09-17 00:15:21.267634+03
1285	ЛКП ШРП Личаківського району		\N		2025-09-17 00:15:21.270514+03
1286	Іван Бабич		\N		2025-09-17 00:15:21.274114+03
1287	Правильне електроживлення		\N		2025-09-17 00:15:21.284492+03
1288	Василь Барановський		\N		2025-09-17 00:15:21.288176+03
1289	ТОВАРИСТВО З ОБМЕЖЕНОЮ ВІДПОВІДАЛЬНІСТЮ «ВЕЛЬТОН-УКРАЇНА»		+380458000000		2025-09-17 00:15:21.29935+03
1290	Айс логістика		\N		2025-09-17 00:15:21.303211+03
1291	Авто МВ		\N		2025-09-17 00:15:21.306351+03
1292	Ігор Хомік		\N		2025-09-17 00:15:21.31162+03
1293	ЗСУ		\N		2025-09-17 00:15:21.314659+03
1294	Микола Король		+380502000000		2025-09-17 00:15:21.355925+03
1295	СВГ Ксенія		\N		2025-09-17 00:15:21.372885+03
1296	Радон		\N		2025-09-17 00:15:21.378659+03
1297	Василь Жидик		\N		2025-09-17 00:15:21.381982+03
1298	Влад Транс		\N		2025-09-17 00:15:21.388742+03
1299	Ксенія		\N		2025-09-17 00:15:21.397417+03
1300	Оніпченко Слава		\N		2025-09-17 00:15:21.403413+03
1301	М.А.К. Транс		\N		2025-09-17 00:15:21.406767+03
1302	Дмитро Богдан		+380689000000		2025-09-17 00:15:21.413621+03
1303	Орест Коляда		\N		2025-09-17 00:15:21.420649+03
1304	Автотранс ДІК		\N		2025-09-17 00:15:21.423634+03
1305	За безпеку руху		\N		2025-09-17 00:15:21.427151+03
1306	Військова Дубляни		\N		2025-09-17 00:15:21.43262+03
1307	Леона Транс		\N		2025-09-17 00:15:21.440601+03
1308	Самбірська птахофабрика		\N		2025-09-17 00:15:21.443981+03
1309	Дмитро Богдан		\N		2025-09-17 00:15:21.464416+03
1310	Куликівська		\N		2025-09-17 00:15:21.469963+03
1311	Лесик, м. Мостиська		\N		2025-09-17 00:15:21.472925+03
1312	ТОВАРИСТВО З ОБМЕЖЕНОЮ ВIДПОВIДАЛЬНIСТЮ "ЛЕОНА ТРАНС"		\N		2025-09-17 00:15:21.475986+03
1313	Любомир Гнатів		+380684000000		2025-09-17 00:15:21.48451+03
1314	Олександр Коробка		+380686000000		2025-09-17 00:15:21.48886+03
1315	ФОП Осовський		+380995000000		2025-09-17 00:15:21.499048+03
1316	Вояки Закарпаття		\N		2025-09-17 00:15:21.50773+03
1317	Андрій Шаповал		+380970000000		2025-09-17 00:15:21.514384+03
1318	Давид Фидрик		+380999000000		2025-09-17 00:15:21.517987+03
1319	ТОВ "Лідер Захід"		\N		2025-09-17 00:15:21.526591+03
1320	Олег Красовський		\N		2025-09-17 00:15:21.532451+03
1321	Вест тракс		\N		2025-09-17 00:15:21.535891+03
1322	Юрашкевич Юрій		\N		2025-09-17 00:15:21.541437+03
1323	КПП Центр		\N		2025-09-17 00:15:21.547114+03
1324	ТОВ "Маршал ЮА"		+380669000000		2025-09-17 00:15:21.550383+03
1325	Сусіди Михайло		\N		2025-09-17 00:15:21.553557+03
1326	Володимир Макух		+380930000000		2025-09-17 00:15:21.559321+03
1327	Автобус		\N		2025-09-17 00:15:21.57084+03
1328	Микола Гринявський		+380637000000		2025-09-17 00:15:21.57382+03
1329	ФОП Настіч Євген		+380971000000		2025-09-17 00:15:21.582838+03
1330	Сергій Цогла		+380660000000		2025-09-17 00:15:21.586344+03
1331	Андрій Сенатовський		+380690000000		2025-09-17 00:15:21.609893+03
1332	Роман Томинець		+380667000000		2025-09-17 00:15:21.624653+03
1333	Кремінь Ойл		\N		2025-09-17 00:15:21.633641+03
1334	Юрол		\N		2025-09-17 00:15:21.639957+03
1335	ЛКМ		\N		2025-09-17 00:15:21.652232+03
1336	Валерій		\N		2025-09-17 00:15:21.655428+03
1337	Михайло Циган		\N		2025-09-17 00:15:21.65895+03
1338	Альфа транс		\N		2025-09-17 00:15:21.662104+03
1339	Сергій Бондарук		\N		2025-09-17 00:15:21.665255+03
1340	Роман Попів		+380687000000		2025-09-17 00:15:21.668461+03
1341	VED LUCK TRANS sp.z o.o		\N		2025-09-17 00:15:21.677116+03
1342	ФОП Дудяк		+380638000000		2025-09-17 00:15:21.68269+03
1343	Андрій Шиц		\N		2025-09-17 00:15:21.685745+03
1344	ОСА транс		\N		2025-09-17 00:15:21.688599+03
1345	Андрій Юрків		\N		2025-09-17 00:15:21.691377+03
1346	Авторухсервіс		\N		2025-09-17 00:15:21.6955+03
1347	Роман Іваникович		+380733000000		2025-09-17 00:15:21.698563+03
1348	МП "Логістик"		\N		2025-09-17 00:15:21.704232+03
1349	Олександр Хвастов		+380954000000		2025-09-17 00:15:21.721239+03
1350	Тарас Мудрий		\N		2025-09-17 00:15:21.727582+03
1351	ТОВАРИСТВО З ОБМЕЖЕНОЮ ВІДПОВІДАЛЬНІСТЮ "ТЕХНОКОМПАС"		\N		2025-09-17 00:15:21.73649+03
1352	Володимир, м. Самбір		+380731000000		2025-09-17 00:15:21.744422+03
1353	ФОП Бужор О.Г.		\N		2025-09-17 00:15:21.750008+03
1354	ТОВАРИСТВО З ОБМЕЖЕНОЮ ВІДПОВІДАЛЬНІСТЮ "МІЖ-БУД"		\N		2025-09-17 00:15:21.76121+03
1355	Юрій Ригель		\N		2025-09-17 00:15:21.774805+03
1356	Віталій		\N		2025-09-17 00:15:21.780592+03
1357	Стелла Фудс		\N		2025-09-17 00:15:21.786372+03
1358	Михайло Дудла		\N		2025-09-17 00:15:21.800016+03
1359	Кузьмук Іван		\N		2025-09-17 00:15:21.802933+03
1360	Пластікс		\N		2025-09-17 00:15:21.808212+03
1361	Юрій Шандро		\N		2025-09-17 00:15:21.816843+03
1362	Дарниця		\N		2025-09-17 00:15:21.825628+03
1363	Транс Плюс ЛТД		\N		2025-09-17 00:15:21.833887+03
1364	ФОП Домбровська		\N		2025-09-17 00:15:21.851929+03
1365	В/Ч 1744		\N		2025-09-17 00:15:21.866011+03
1366	Данило, м. Рава-Руська		\N		2025-09-17 00:15:21.869163+03
1367	Адвантекс		+380934000000		2025-09-17 00:15:21.872794+03
1368	ТзОВ "Агропобутсервіс"		\N		2025-09-17 00:15:21.909467+03
1369	ТОВ "БЕСТ-ЛАЙН"		\N		2025-09-17 00:15:21.915562+03
1370	Драга Транс		\N		2025-09-17 00:15:21.922079+03
1371	Валентин Лихач		+380955000000		2025-09-17 00:15:21.931637+03
1372	Назар Романишин		\N		2025-09-17 00:15:21.938353+03
1373	Іван Романчук		+380931000000		2025-09-17 00:15:21.94818+03
1374	Монтажтехсервіс		+380445000000		2025-09-17 00:15:21.95547+03
1375	Люксімо		\N		2025-09-17 00:15:21.961848+03
1376	ТОВАРИСТВО З ОБМЕЖЕНОЮ ВІДПОВІДАЛЬНІСТЮ "ВИШЕНЬКА"		\N		2025-09-17 00:15:21.977532+03
1377	Хуст транзит		\N		2025-09-17 00:15:22.002612+03
1378	САВ92		\N		2025-09-17 00:15:22.008638+03
1379	Василь Долінко		+380952000000		2025-09-17 00:15:22.020738+03
1380	Меггі		\N		2025-09-17 00:15:22.031909+03
1381	Лугукртранс		\N		2025-09-17 00:15:22.034874+03
1382	Адем Інвест		\N		2025-09-17 00:15:22.046786+03
1383	Богдан Кожушко		\N		2025-09-17 00:15:22.050078+03
1384	Делчем		\N		2025-09-17 00:15:22.053311+03
1385	Шторм груп		\N		2025-09-17 00:15:22.056349+03
1386	ТОВ "Р.М.ЛОҐ"		\N		2025-09-17 00:15:22.063266+03
1387	Миколи Овсянніков		+380735000000		2025-09-17 00:15:22.068677+03
1388	Олександр Рубаха		\N		2025-09-17 00:15:22.074201+03
1389	Ромус Поліграф		\N		2025-09-17 00:15:22.07992+03
1390	Ерлакер		\N		2025-09-17 00:15:22.086257+03
1391	Ламбер		\N		2025-09-17 00:15:22.092775+03
1392	Любомир		\N		2025-09-17 00:15:22.10682+03
1393	Андрій Хороз		+380501000000		2025-09-17 00:15:22.121573+03
1394	Андрій Дяк		+380950000000		2025-09-17 00:15:22.142572+03
1395	Віктор		\N		2025-09-17 00:15:22.151837+03
1396	ТзОВ "Молокозавод Самбірський"		\N		2025-09-17 00:15:22.164324+03
1397	Вячеслав Бондарук		\N		2025-09-17 00:15:22.167701+03
1398	ТОВ "Гранд Транс Компані"		\N		2025-09-17 00:15:22.207623+03
1399	Юра Ямпіль		\N		2025-09-17 00:15:22.218071+03
1400	ТОВАРИСТВО З ОБМЕЖЕНОЮ ВІДПОВІДАЛЬНІСТЮ "ТРАНСТРЕЙДВУД"		\N		2025-09-17 00:15:22.221042+03
1401	Володимир Пашковський		+380738000000		2025-09-17 00:15:22.236577+03
1402	НЕО Тех		\N		2025-09-17 00:15:22.263281+03
1403	Савин Олександр		+380996000000		2025-09-17 00:15:22.269684+03
1404	ЕММ Груп		\N		2025-09-17 00:15:22.299616+03
1405	ТОВАРИСТВО З ОБМЕЖЕНОЮ ВІДПОВІДАЛЬНІСТЮ "Сотеко"		+380326000000		2025-09-17 00:15:22.308662+03
1406	Фаворит Транс		\N		2025-09-17 00:15:22.328465+03
1407	Нова пошта		\N		2025-09-17 00:15:22.331383+03
1408	Любомир Вишневецький		\N		2025-09-17 00:15:22.340727+03
1409	Богдан Коруц		\N		2025-09-17 00:15:22.354718+03
1410	Ігор Бенцал		\N		2025-09-17 00:15:22.366873+03
1411	Граніт інвест		\N		2025-09-17 00:15:22.413392+03
1412	ТОВ "СКАНФОРУМ"		\N		2025-09-17 00:15:22.422503+03
1413	Віталій Рожко		\N		2025-09-17 00:15:22.425852+03
1414	ФОП Нагорний Павло Петрович		\N		2025-09-17 00:15:22.432703+03
1415	Любомир, смт. Жовтанці		\N		2025-09-17 00:15:22.448244+03
1416	Дніпро Ойл Трак		+380992000000		2025-09-17 00:15:22.464284+03
1418	Пожежники		\N		2025-09-17 00:15:22.479257+03
1419	ТОВ "ТОР"		\N		2025-09-17 00:15:22.485047+03
1420	КП Шептицька міська лікарня		+380631000000		2025-09-17 00:15:22.488219+03
1421	Грузини		\N		2025-09-17 00:15:22.50075+03
1422	Військова англічанка		\N		2025-09-17 00:15:22.5067+03
1423	Гозда		\N		2025-09-17 00:15:22.514876+03
1424	Укрпошта		\N		2025-09-17 00:15:22.520224+03
1417	Тарас	Дорота	\N		2025-09-17 00:15:22.46777+03
1425	Валерій	Павлюк	\N		2025-09-17 00:15:22.528608+03
1129	Володимир	Попів	+380974000000		2025-09-17 00:15:20.357388+03
\.


--
-- Data for Name: clients_ivecobasemodel; Type: TABLE DATA; Schema: public; Owner: -
--

COPY public.clients_ivecobasemodel (id, name) FROM stdin;
1	Stralis
2	Daily
3	EuroCargo
4	Не визначено
\.


--
-- Data for Name: clients_truck; Type: TABLE DATA; Schema: public; Owner: -
--

COPY public.clients_truck (id, specific_model_name, full_vin, last_seven_vin, license_plate, year_of_manufacture, current_mileage, transmission_type, emission_standard, base_model_id, client_id) FROM stdin;
1875	440S45 AS STRAL.2007	WJMM1VTH404391312	4391312	АЕ1860РВ	2007	0	manual	unknown	4	1127
1876	Stralis E5	WJMM1VSH40C254778	C254778	АЕ5494ОХ	2000	0	manual	unknown	4	1127
1877	Stralis E5 Хай	WJMM1VSH40C281405	C281405	АЕ5647ОР	2000	0	manual	unknown	4	1127
1878	Stralis E5 Хай	WJMM1VSH40C258183	C258183	АЕ9930ВІ	2000	0	manual	unknown	4	1127
1879	Stralis E6	WJMM1VSH60C333196	C333196	АЕ3918ОІ	2000	0	manual	unknown	4	1127
1890	70С17	ZCFC170C205014264	5014264	ВС9520РА	2000	0	manual	unknown	4	1130
1885	Stralis	WJMM1VTH404376575	4376575	АЕ0517ОА	2000	0	manual	unknown	4	1132
1887	440S36 AT STRAL.2007	WJMM1VPH404339178	4339178	ВС9299ВН	2007	0	manual	unknown	4	1134
1888	70C17 2014	ZCFC170C705122699	5122699	ВС7478МВ	2014	0	manual	unknown	4	1135
1889	70C18 M.Y.2016	ZCFC170D7J5182833	5182833	ВС3699МВ	2016	0	manual	unknown	4	1130
1891	50С17	ZCFC50C10E5981617	5981617	ВС2488ММ	2000	0	manual	unknown	4	1137
1892	40С13	ZCFC409100D424754	D424754	ВС0996СР	2000	0	manual	unknown	4	1138
1893	440S42 AS STRALIS E6	WJMM1VSH60C286728	C286728	КА7913СЕ	2000	0	manual	unknown	4	1139
1894	70C15-E3 M.Y.2009	ZCFC70A1105904727	5904727	ВС7824НР	2009	0	manual	unknown	4	1140
1895	440S45 AS STRAL.2007	WJMM1VTH404380227	4380227	ВС4684НС	2007	0	manual	unknown	4	1141
1896	440S46 AS STRALIS E6	WJMM1VTH6FC302029	C302029	ВС9713МК	2000	0	manual	unknown	4	1141
1897	70C17 2014	ZCFC170C0G5063490	5063490	ВС0781ТН	2014	0	manual	unknown	4	1142
1898	440S50 AS STRAL.2007	WJMM1VUH404368332	4368332	СЕ2321ВТ	2007	0	manual	unknown	4	1127
1899	35С15	ZCFC35A7405949879	5949879	АТ1858СВ	2000	0	manual	unknown	4	1143
1900	440S45 AS STRAL.2007	WJMM1VTH40C253065	C253065	АО4036ЕТ	2007	0	manual	unknown	4	1144
1901	440S46 AS STRALIS E6	WJMM1VTH60C311749	C311749	АО0508НВ	2000	0	manual	unknown	4	1144
1902	35C14 M.Y.2009	ZCFC35A3705873563	5873563	ВС6050СХ	2009	0	manual	unknown	4	1145
1904	440S45 AS STRAL.2007	WJMM1VTH404386929	4386929	АО2175ВК	2007	0	manual	unknown	4	1147
1905	55S18W 2014	ZCFD055D8K5264401	5264401	АА3973СС	2014	0	manual	unknown	4	1148
1908	70С17	ZCFC70C1005980970	5980970	АС9744СК	2000	0	manual	unknown	4	1151
1910	70C21 M.Y.2012	ZCFC70F0005987931	5987931	ВС7197КХ	2012	0	manual	unknown	4	1153
1903	70C18 M.Y.2016	ZCFC170D4H5176238	5176238	ВС1355МС	2016	0	manual	unknown	4	1146
1912	35S13	ZCFC359300D454928	D454928	NX61BSV	2000	0	manual	unknown	4	1155
1913	50C15 M.Y.2006	ZCFC50A2085735775	5735775	ВС7090ТЕ	2006	0	manual	unknown	4	1157
1915	40C15 M.Y.2012	ZCFC40A500D500207	D500207	ВС5688НХ	2012	0	manual	unknown	4	1159
1916	70C14 M.Y.2009	ZCFC70A2005885272	5885272	АТ1971ЕК	2009	0	manual	unknown	4	1156
1917	65C15	ZCFC65C110D507415	D507415	ВК6620ВХ	2000	0	manual	unknown	4	1160
1918	440S45 AS STRALIS E4	WJMM1VTH404320773	4320773	ВН1273ОІ	2000	0	manual	unknown	4	1161
1919	70C17 M.Y.2012	ZCFC70C1005975756	5975756	АС7540ЕР	2012	0	manual	unknown	4	1162
1920	Ecargo 75E18 MY.2008	ZCFA75D04E2621903	2621903	ВС9407МХ	2008	0	manual	unknown	4	1163
1921	50С15	ZCFC150A705034898	5034898	ВС8240ТЕ	2000	0	manual	unknown	4	1136
1922	35C15 M.Y.2016	ZCFC435BXH5168944	5168944	PGS45578	2016	0	manual	unknown	4	1140
1923	440S48 AS STRALIS E6	WJMM1VUH60C318694	C318694	ВС7106МХ	2000	0	manual	unknown	4	1164
1924	35S17	ZCFC135C70D549145	D549145	ВС0306КВ	2000	0	manual	unknown	4	1141
1925	180E24 TECTOR RESTYL.	ZCFA1VJ0202496169	2496169	ВС6210ВМ	2000	0	manual	unknown	4	1165
1926	35S21 2014	ZCFC135F305089762	5089762	ВС9200РА	2014	0	manual	unknown	4	1136
1927	50С17	ZCFC150CXG5080091	5080091	ВС4638ОР	2000	0	manual	unknown	4	1141
1928	260S46 AT STRALIS E6	WJME2NTH60C289001	C289001	ВС7600РВ	2000	0	manual	unknown	4	1158
1930	Stralis	WJMM1VTH404378277	4378277	АО2400АХ	2000	0	manual	unknown	4	1146
1931	440S48 AS STRALIS E6	WJMM1VUH60C286990	C286990	АО6637НІ	2000	0	manual	unknown	4	1167
1932	Stralis	WJMM1VSH474321604	4321604	ВО3724ВМ	2000	0	manual	unknown	4	1165
1933	70C15 E5 M.Y.2016	ZCFC170A805383676	5383676	ВС5676МК	2016	0	manual	unknown	4	1158
1935	35S18	ZCFC135D2K5297827	5297827	ВО0377СІ	2000	0	manual	unknown	4	1168
1907	35S15	ZCFC135A005097175	5097175	IS88YHK	2000	0	manual	unknown	4	1150
1934	70С21	ZCFC170F305081224	5081224	АМ4582НН	2000	0	manual	unknown	4	1180
1914	70С17	ZCFC170C405122417	5122417	КА2724НН	2000	0	manual	unknown	4	1158
1886	35S17	ZCFC135C9F5035042	5035042	ВК5308ІН	2000	0	manual	unknown	4	1133
1884	65С15	ZCFC65A2105761030	5761030	ВС9709РО	2000	0	manual	unknown	4	1329
1880	440S45 AS STRAL.2007	WJMM1VTH404365377	4365377	ВС9012ОО	2007	0	manual	unknown	4	1326
1881	65С17	ZCFC60C0005559466	5559466	ВС1869ТЕ	2000	0	manual	unknown	4	1343
1911	35S17 2014	ZCFC135C9G5111277	5111277	ВО0700НН	2014	0	manual	unknown	4	1154
1883	70C17 2014	ZCFC170C3G5107577	5107577	ВС1125ТО	2014	0	manual	unknown	4	1130
1882	70C17 2014	ZCFC270C105085548	5085548	ВС6628ТК	2014	0	manual	unknown	4	1129
1929	70С17	ZCFC270C705028321	5028321	ВО0173ЕХ	2000	0	manual	unknown	4	1166
1906	EuroCargo  75E18 MY.2008	ZCFA75D0402622069	2622069	ВС7495ТО	2008	0	manual	unknown	4	1158
1936	70C15	ZCFC170A705266204	5266204	ВС6644НО	2000	0	manual	unknown	4	1158
1938	35S18 M.Y.2016	ZCFC135D5H5174855	5174855	ВС5112ОМ	2016	0	manual	unknown	4	1152
1940	260E31 E.TECH CURSOR	WJME2NM0004270642	4270642	ВС5227СК	2000	0	manual	unknown	4	1130
1942	260S42 AD STRALIS E6	WJME2NSH60C292928	C292928	ВК0546НК	2000	0	manual	unknown	4	1171
1944	70C17	ZCFC270CX0D550012	D550012	ВК3272НА	2000	0	manual	unknown	4	1144
1945	65C17	ZCFC65C00A5862008	5862008	ВС6531ОО	2000	0	manual	unknown	4	1172
1946	70C17 E5 M.Y.2016	ZCFC170C205355311	5355311	ВС9700РА	2016	0	manual	unknown	4	1158
1947	70C15 M.Y.2016	ZCFC170B805172793	5172793	MISK752	2016	0	manual	unknown	4	1152
1948	70C18 M.Y.2016	ZCFC170D4H5167099	5167099	ВО2990ЕЕ	2016	0	manual	unknown	4	1173
1949	70C18 M.Y.2019	ZCFC670D405438488	5438488	ВС7900МХ	2019	0	manual	unknown	4	1158
1950	70C18 M.Y.2016	ZCFC170D905208265	5208265	АС2940НЕ	2016	0	manual	unknown	4	1174
1951	440S46 AS STRAL.MY2013	WJMM1VTH40C277724	C277724	ВО7780ЕН	2000	0	manual	unknown	4	1175
1952	440S45 AS STRAL.2007	WJMM1VTH484357483	4357483	AB625HC	2007	0	manual	unknown	4	1176
1953	70C18 M.Y.2016	ZCFC170D8J5222434	5222434	ВС4804РС	2016	0	manual	unknown	4	1177
1954	70C18 M.Y.2016	ZCFC170D5J5228482	5228482	АС3061НВ	2016	0	manual	unknown	4	1178
1955	260S46 AT STRALIS E6	WJME2NTH60C275558	C275558	ВС6700РВ	2000	0	manual	unknown	4	1158
1956	50C15 M.Y.2016	ZCFC150B0K5256663	5256663	ВС3314РС	2016	0	manual	unknown	4	1179
1957	Stralis	WJMM1VTH40C256923	C256923	АЕ1652РР	2000	0	manual	unknown	4	1130
1958	70C18 M.Y.2016	ZCFC170D3J5221529	5221529	АС2399ЕТ	2016	0	manual	unknown	4	1180
1960	Stralis	WJMM1VTH40C252300	C252300	ВС0177ОР	2000	0	manual	unknown	4	1181
1961	35C15	ZCFC35A7305923757	5923757	ВС1335РВ	2000	0	manual	unknown	4	1182
1963	440S46 AS STRAL.MY2016	WJMM62AT00C372311	C372311	АО0509НВ	2000	0	manual	unknown	4	1184
1964	35S15 2014	ZCFC235A0E5993383	5993383	ВС0704МХ	2014	0	manual	unknown	4	1185
1965	440S42 AS STRAL.MY2013	WJMM1VSH40C276894	C276894	АЕ6154ХА	2000	0	manual	unknown	4	1186
1967	Stralis	WJMM1VTH404361753	4361753	ВН7421РТ	2000	0	manual	unknown	4	1188
1968	Stralis	WJMM1VTH40C237664	C237664	ВС3137ОТ	2000	0	manual	unknown	4	1189
1971		WJMM1VTH40C284685	C284685	СА8573НТ	2000	0	manual	unknown	4	1191
1972	Stralis E6	WJMM1VUH60C317030	C317030	ВС3122РН	2000	0	manual	unknown	4	1139
1973	Stralis	WJMM1VTH60C302828	C302828	ВС3120РН	2000	0	manual	unknown	4	1139
1974	70С21	ZCFC170F1F5002366	5002366	ВС3904РС	2000	0	manual	unknown	4	1192
1975	440S50 AS STRAL.2007	WJMM1VUH40C247321	C247321	ВЕ5611ВІ	2007	0	manual	unknown	4	1193
1976	35S17 M.Y.2012	ZCFC35C200D527341	D527341	АС8777СЕ	2012	0	manual	unknown	4	1157
1977	70С15	ZCFC170AX05332048	5332048	АТ4837НМ	2000	0	manual	unknown	4	1194
1979	440S46 AS STRAL.MY2013	WJMM1VTH40C279662	C279662	ВО2131ЕІ	2000	0	manual	unknown	4	1195
1980	50С18	ZCFC652C905475674	5475674	ВС9600ОХ	2000	0	manual	unknown	4	1158
1981	70С18	ZCFC170F605067396	5067396	АО7303НО	2000	0	manual	unknown	4	1166
1982	70C17 2014	ZCFC170C1F5015575	5015575	ВС4039РО	2014	0	manual	unknown	4	1156
1983	440S46 AS STRALIS E6	WJMM1VTH60C272193	C272193	СЕ1748ЕК	2000	0	manual	unknown	4	1196
1986	70С17	ZCFC70C1005982862	5982862	ВС0629РМ	2000	0	manual	unknown	4	1198
1987	70С17	ZCFC270C105086893	5086893	ВО1808ЕА	2000	0	manual	unknown	4	1190
1988	70C21	ZCFC170F5GD568733	D568733	ВС2993РВ	2000	0	manual	unknown	4	1165
1989	35І18	ZCFC235D905162712	5162712	ВС3625ОМ	2000	0	manual	unknown	4	1131
1990	Stralis E6	WJMM62AT30C390866	C390866	ВС8107РІ	2000	0	manual	unknown	4	1199
1991	Stralis	WJMM1VTH4DC269961	C269961	АВ4067ІК	2000	0	manual	unknown	4	1200
1992		LNVU1CA32CV501039	V501039	ВС6988СВ	2000	0	manual	unknown	4	1201
1993	70С17	ZCFC170C605033027	5033027	КА9297КС	2000	0	manual	unknown	4	1202
1994	Stralis	WJMM1VTH404335057	4335057	ВС0299РЕ	2000	0	manual	unknown	4	1140
1995	50С17	ZCFC50C1005944703	5944703	АТ5932СК	2000	0	manual	unknown	4	1146
1996	35S17	ZCFC135C405121334	5121334	ВС4012РН	2000	0	manual	unknown	4	1203
1997	70C17 2014	ZCFC170C405119078	5119078	ВО6245ЕК	2014	0	manual	unknown	4	1204
1978	Stralis	WJMM1VTH4DC270734	C270734	ВС5741РК	2000	0	manual	unknown	4	1139
1970	70С18	ZCFC170D9J5204573	5204573	ВС2458РК	2000	0	manual	unknown	4	1251
1984	Stralis	WJMM1VTH40C246923	C246923	ВС5410РТ	2000	0	manual	unknown	4	1175
1941	Stralis	WJMM1VTH6GC349704	C349704	КА8335КР	2000	0	manual	unknown	4	1170
1962	440S45 AS STRAL.2007	WJMM1VTH40C240384	C240384	ВС2784ТЕ	2007	0	manual	unknown	4	1337
1985	65C17 2014	ZCFC165C705003487	5003487	ВС9809ТЕ	2014	0	manual	unknown	4	1329
1943	35S17 M.Y.2012	ZCFC35C2005976655	5976655	ВС4339ТЕ	2012	0	manual	unknown	4	1140
1969	70C15 M.Y.2016	ZCFC170B7J5194298	5194298	ВО9630ЕО	2016	0	manual	unknown	4	1204
1937	70С18 Е6	ZCFC170D90D587919	D587919	ВО8230ЕО	2000	0	manual	unknown	4	1204
1966	35S18 M.Y.2016	ZCFC135D4L5319165	5319165	ВС7824ТК	2016	0	manual	unknown	4	1187
1998	35S18	ZCFC135D0K5276975	5276975	ВС5130ТН	2000	0	manual	unknown	4	1163
1999	440S45 AS STRAL.2007	WJMM1VTH404386953	4386953	АО4026ВМ	2007	0	manual	unknown	4	1205
2000	Stralis	WJMM1VTH40C236884	C236884	АС2478НС	2000	0	manual	unknown	4	1206
1909	70С17	ZCFC70C1105908076	5908076	ВС2643РР	2000	0	manual	unknown	4	1152
2003	Trakker	WJMJ4CSS60C270650	C270650	КА0931ЕІ	2000	0	manual	unknown	4	1134
2004	70С21	ZCFC170F7G5066803	5066803	ВС9685РМ	2000	0	manual	unknown	4	1158
2005	Stralis	WJMM1VUH60C312186	C312186	АО5799НО	2000	0	manual	unknown	4	1209
2006	440S50 AS STRAL.MY2013	WJMM1VUH40C278126	C278126	ВС8271РІ	2000	0	manual	unknown	4	1176
2008	65С14	ZCFC65A1005549215	5549215	ВС1484ІІ	2000	0	manual	unknown	4	1210
2009	35S18	ZCFC135D2J5189870	5189870	ВС1337РН	2000	0	manual	unknown	4	1211
2010	35S13	ZCFC1359305005952	5005952	ВС5338ЕТ	2000	0	manual	unknown	4	1212
2011	Stralis	WJMM1VUH404392746	4392746	ВЕ7504СК	2000	0	manual	unknown	4	1146
2012	Stralis E6	WJMM1VTH6FC299858	C299858	ВХ4874ЕХ	2000	0	manual	unknown	4	1190
2013	Stralis	WJMM1VTH404335248	4335248	АО5324НТ	2000	0	manual	unknown	4	1213
2014	Ecargo Е6	ZCFA61EM102634192	2634192	ВС9675РС	2000	0	manual	unknown	4	1214
2015	35S18	ZCFC135D2J5225802	5225802	ВС1552РЕ	2000	0	manual	unknown	4	1215
2016	Ecargo	ZCFA1AG0402620530	2620530	СЕ9394ЕН	2000	0	manual	unknown	4	1216
2017	Stralis	WJMM1VSH404343396	4343396	ВХ2356ВМ	2000	0	manual	unknown	4	1217
2018	35S13	ZCFC1359205111986	5111986	КА1332ЕС	2000	0	manual	unknown	4	1218
2019	Ecargo	ZCFA75D0402566164	2566164	ВС4967РО	2000	0	manual	unknown	4	1130
2020	Stralis	WJMM1VTH60C299197	C299197	АВ9954ІХ	2000	0	manual	unknown	4	1219
2021	35S18	ZCFC135D305164765	5164765	ВС7482РО	2000	0	manual	unknown	4	1130
2022	50С14	ZCFC50A3105836523	5836523	ВК9218ВТ	2000	0	manual	unknown	4	1158
2023	Stralis	WJMM1VTH404340390	4340390	АО5665ВЕ	2000	0	manual	unknown	4	1220
2025	50C18	ZCFC652C405476036	5476036	ВС6900ОХ	2000	0	manual	unknown	4	1158
1939	70C17 M.Y.2012	ZCFC70C1105937533	5937533	ВО0150АХ	2012	0	manual	unknown	4	1131
2026	70C18 M.Y.2016	ZCFC170D6K5290264	5290264	ВС7074РМ	2016	0	manual	unknown	4	1173
2027	70С17	ZCFC270C805992216	5992216	АС1937НК	2000	0	manual	unknown	4	1178
2029	70С17	ZCFC70C11C5904907	5904907	ВС7470РМ	2000	0	manual	unknown	4	1158
2031	70C17 M.Y.2012	ZCFC70C10E5977441	5977441	ВС8365РМ	2012	0	manual	unknown	4	1153
2032	50С18	ZCFC150D105262440	5262440	ВХ8141ЕТ	2000	0	manual	unknown	4	1131
2033	440S45 AS STRAL.2007	WJMM1VTH404386988	4386988	АО9142ВІ	2007	0	manual	unknown	4	1205
2034	35S17	ZCFC135C8G5073508	5073508	ВС3169РМ	2000	0	manual	unknown	4	1223
2035	Stralis	WJMM1VTH404370368	4370368	ВС9792ОО	2000	0	manual	unknown	4	1224
2036	440S42 AS STRAL.2007	WJMM1VSH404343392	4343392	ВК4320ІС	2007	0	manual	unknown	4	1127
2037	Stralis	WJMM1VSH40C269494	C269494	АТ7371ЕІ	2000	0	manual	unknown	4	1225
2038	35S16 M.Y.2016	ZCFC135B505297820	5297820	ВС0277РК	2016	0	manual	unknown	4	1226
2039	35S14	ZCFCG35AX05398874	5398874	ВС8589ОО	2000	0	manual	unknown	4	1158
2040	70С17	ZCFC170C005022072	5022072	ВХ1939ЕТ	2000	0	manual	unknown	4	1227
2041	50С15	ZCFC150A005037724	5037724	ВС6092РН	2000	0	manual	unknown	4	1228
2042	Stralis E6	WJMM1VUH60C310540	C310540	АО7763НК	2000	0	manual	unknown	4	1229
2043	Etrakker	WJME2NNS00C093918	C093918	ВС1054ОІ	2000	0	manual	unknown	4	1222
2044	50С17	ZCFC50C100D502365	D502365	ВО7610ВО	2000	0	manual	unknown	4	1130
2045	Trakker	WJME3TSS60C270432	C270432	КА0935ЕІ	2000	0	manual	unknown	4	1230
2046	Stralis E6	WJMM1VSH60C297541	C297541	ВІ6445НМ	2000	0	manual	unknown	4	1231
2047	Stralis	WJMM1VTH4DC272894	C272894	АТ1914НР	2000	0	manual	unknown	4	1232
2048	Stralis	WJMM1VTH404366584	4366584	ВС3488ОМ	2000	0	manual	unknown	4	1233
2049	Stralis	WJMM1VUH60C321202	C321202	ВК9042ІВ	2000	0	manual	unknown	4	1234
2050	Stralis	WJMM1VSH404395403	4395403	АЕ0876ТО	2000	0	manual	unknown	4	1235
2051	Ecargo	ZCFA1EM0402545825	2545825	ВК3238НР	2000	0	manual	unknown	4	1131
2052	70С17	ZCFC170C105107907	5107907	ВС8045РС	2000	0	manual	unknown	4	1236
2054	Ecargo	ZCFA1JF0202547158	2547158	АА0721ІР	2000	0	manual	unknown	4	1237
2002	70С18	ZCFC170D105258822	5258822	СВ6939ЕК	2000	0	manual	unknown	4	1208
2056	60C17BUS	ZCFC261C105052302	5052302	ВС6344РР	2000	0	manual	unknown	4	1238
2058	440S45 AS STRAL.2007	WJMM1VTH404395647	4395647	ВО4787ЕМ	2007	0	manual	unknown	4	1158
2059	70С18	ZCFC270D705204678	5204678	ВС9928РО	2000	0	manual	unknown	4	1204
2060	70С18	ZCFC170D9J5189945	5189945	ВС7527РМ	2000	0	manual	unknown	4	1204
2053	70С18	ZCFC170D4J5212189	5212189	КА0496КВ	2000	0	manual	unknown	4	1202
2030	50C18 M.Y.2016	ZCFC250D405221846	5221846	ВС5684РО	2016	0	manual	unknown	4	1222
2028	50C18	ZCFC250D205222865	5222865	ВС4032РК	2000	0	manual	unknown	4	1135
2007	65С15	ZCFC65A6005964933	5964933	ВС3055ТК	2000	0	manual	unknown	4	1328
2001		WJMM1VTH40C271221	C271221	ВО3198ЕК	2000	0	manual	unknown	4	1410
2024	70С18	ZCFC170D305248731	5248731	ВС5280ТМ	2000	0	manual	unknown	4	1221
2057	70С17	ZCFC270C005074167	5074167	КА7169РВ	2000	0	manual	unknown	4	1239
2061	Stralis	WJMM1VTH60C294136	C294136	АО1366РВ	2000	0	manual	unknown	4	1163
2062		WJMM62AUX0C394244	C394244	ВО1043ЕН	2000	0	manual	unknown	4	1240
2063	70С17	ZCFC70C10E5986876	5986876	ВС1775РН	2000	0	manual	unknown	4	1241
2064	Stralis	WJMM1VTH4EC286142	C286142	АО0655НТ	2000	0	manual	unknown	4	1242
2065	70C16 M.Y.2022	ZCFCE72B605513013	5513013	ВС3600РС	2022	0	manual	unknown	4	1158
2066	440S46 AS STRALIS E6	WJMM1VTH60C336776	C336776	АО6700НВ	2000	0	manual	unknown	4	1243
2068	70С17	ZCFC170C5G5110335	5110335	ВС3170РК	2000	0	manual	unknown	4	1163
2069	65С17	ZCFC260C605100314	5100314	ВС2938РТ	2000	0	manual	unknown	4	1245
2070	35C15 E5 M.Y.2016	ZCFC635A605366331	5366331	ВМ4922СК	2016	0	manual	unknown	4	1246
2071	440S48 AS STRAL.MY2016	WJMM62AU00C393796	C393796	ВО0967ЕІ	2000	0	manual	unknown	4	1240
2072	Stralis	WJMM1VTH40C274740	C274740	ВС5852РВ	2000	0	manual	unknown	4	1133
2073	Stralis	WJMM1VTH60C350368	C350368	ВО2848ЕК	2000	0	manual	unknown	4	1163
2074	70С18	ZCFC170DXH5180004	5180004	ВС3097РС	2000	0	manual	unknown	4	1158
2075	50C14G	ZCFC450AX05223472	5223472	ВК0687ІЕ	2000	0	manual	unknown	4	1247
2076	65С15	ZCFC65A2005659906	5659906	АТ6919ВМ	2000	0	manual	unknown	4	1130
2077	Stralis	WJMM1VTH404347988	4347988	АО8790ЕР	2000	0	manual	unknown	4	1248
2078	Ecargo	ZCFA1ED1402562805	2562805	ВС5504РТ	2000	0	manual	unknown	4	1249
2079	35С14	ZCFC35A370D454222	D454222	ВС6114МХ	2000	0	manual	unknown	4	1234
2080	Stralis	WJMM1VTH40C271064	C271064	АА5946МХ	2000	0	manual	unknown	4	1250
2082	Stralis	WJMM1VSH40C278524	C278524	ВС1098МР	2000	0	manual	unknown	4	1252
2083	440S40 AT STRAL.MY2016	WJMM62AR50C411608	C411608	КА6125НН	2000	0	manual	unknown	4	1253
2084	50С18	ZCFC150D0J5234162	5234162	АС9010НН	2000	0	manual	unknown	4	1141
2085	35S18	ZCFC135DXH5170834	5170834	ВС8208РВ	2000	0	manual	unknown	4	1211
2086	70С15	ZCFC370A605067848	5067848	4549Г2	2000	0	manual	unknown	4	1255
2087	35S12	ZCFC1358505262280	5262280	ВС9644ОО	2000	0	manual	unknown	4	1156
2088	35S15	ZCFC235A40D550104	D550104	АС8759ЕХ	2000	0	manual	unknown	4	1256
2089	Stralis	WJMM1VSH404321513	4321513	ВС7044НЕ	2000	0	manual	unknown	4	1163
2090	Stralis	WJMM1VTH40C262324	C262324	ВО0322ЕВ	2000	0	manual	unknown	4	1257
2091	Stralis	WJMM1VTH40C247152	C247152	ВО5472ЕМ	2000	0	manual	unknown	4	1258
2092		WJMM1VTH4DC268910	C268910	ВО4820ЕК	2000	0	manual	unknown	4	1211
2093	35C15H	ZCFC35A8105868907	5868907	ВС6031РК	2000	0	manual	unknown	4	1259
2094	Stralis	WJMM1VSK004301547	4301547	АЕ2757СС	2000	0	manual	unknown	4	1260
2096	35S17	ZCFC135C705074655	5074655	ВК8596ІЕ	2000	0	manual	unknown	4	1248
2097	65С18	ZCFC65D000D337430	D337430	ВС6614РН	2000	0	manual	unknown	4	1141
2098	Stralis	WJMM1VTH474333877	4333877	ВС3159НМ	2000	0	manual	unknown	4	1261
2099	Stralis	WJMM1VTH404341141	4341141	АХ8011НЕ	2000	0	manual	unknown	4	1218
2100	Ecargo	ZCFA1TJ0402573711	2573711	BGIIHDN	2000	0	manual	unknown	4	1249
2102	70С17	ZCFC70C1105955751	5955751	ВС6978ОА	2000	0	manual	unknown	4	1262
2103	70С17	ZCFC170C1F5044865	5044865	ВО4382ЕМ	2000	0	manual	unknown	4	1263
2104	Stralis	WJMM62AU10C394374	C394374	ВО0882ЕН	2000	0	manual	unknown	4	1240
2106	Stralis E6	WJMM1VSH60C321819	C321819	ВС4479РХ	2000	0	manual	unknown	4	1265
2107	35С15	ZCFC635A305144393	5144393	ВС8237ЕТ	2000	0	manual	unknown	4	1130
2108	440S45 AS STRAL.2007	WJMM1VTH404391761	4391761	АО7035ВО	2007	0	manual	unknown	4	1205
2110	Stralis	WJMM1VTH404370248	4370248	ВС3696РК	2000	0	manual	unknown	4	1142
2111	Stralis	WJMM1VTH404343715	4343715	ВС1650РМ	2000	0	manual	unknown	4	1267
2112	35C15	ZCFC635A605319137	5319137	АІ7824МВ	2000	0	manual	unknown	4	1268
2114	35S18	ZCFC135D205193724	5193724	ВС7091МВ	2000	0	manual	unknown	4	1241
2115	Ecargo	ZCFA1EJ0402592367	2592367	СЕ2076ЕК	2000	0	manual	unknown	4	1146
2116	Stralis	WJMM62AS80C383399	C383399	КА1060КТ	2000	0	manual	unknown	4	1170
2117	35С14	ZCFC35A2005570847	5570847	АХ6591ЕР	2000	0	manual	unknown	4	1241
2118	Stralis	WJMM1VTH404337624	4337624	АО0158НН	2000	0	manual	unknown	4	1270
2119	Stralis	WJMM1VTH404341201	4341201	АО5647ВС	2000	0	manual	unknown	4	1196
2120	Stralis	WJMM1VTH404387835	4387835	АС6689НН	2000	0	manual	unknown	4	1271
2121	Stralis E6	WJMM1VSH60C271896	C271896	АО7525НХ	2000	0	manual	unknown	4	1272
2122	35S17	ZCFC35C210D467980	D467980	ВК5734ІЕ	2000	0	manual	unknown	4	1181
2123	Stralis	WJMM1VSH404328717	4328717	ВО7758ВК	2000	0	manual	unknown	4	1162
2124	35S18	ZCFC135DX05122318	5122318	АС0848НН	2000	0	manual	unknown	4	1273
2101	70С21	ZCFC270F005257997	5257997	ВС4846ТІ	2000	0	manual	unknown	4	1331
2105	Stralis E6	WJMM62AU30C396000	C396000	КЕ6875АО	2000	0	manual	unknown	4	1264
2109	70С17	ZCFC170C805100534	5100534	ВС0710ТК	2000	0	manual	unknown	4	1380
2067	50C21	ZCFC250F305120704	5120704	АС2207НР	2000	0	manual	unknown	4	1254
2095	50С18	ZCFC150D105226456	5226456	ВК6706ІО	2000	0	manual	unknown	4	1248
2055	65С17	ZCFC265C405043863	5043863	ВС1287ТМ	2000	0	manual	unknown	4	1190
2125	35S18	ZCFC135D3H5128165	5128165	АС9000ІІ	2000	0	manual	unknown	4	1131
2126	Stralis	WJMM1VSH404384525	4384525	ВС2910ЕМ	2000	0	manual	unknown	4	1274
2127	Stralis	WJMM62AU20C383769	C383769	АІ8520РН	2000	0	manual	unknown	4	1240
2131	Stralis E6	WJMM1VUH60C330336	C330336	АО8022НТ	2000	0	manual	unknown	4	1173
2132	70C17	ZCFC70C11C5904858	5904858	АТ5947СК	2000	0	manual	unknown	4	1276
2133	Stralis E6	WJMM62AU70C366207	C366207	АІ3638РС	2000	0	manual	unknown	4	1240
2134	Stralis E4	WJMM1VTH404336372	4336372	СЕ7153СВ	2000	0	manual	unknown	4	1277
2135	70С17	ZCFC270C405051328	5051328	ВК0489ІІ	2000	0	manual	unknown	4	1278
2136	70C15 E5 M.Y.2016	ZCFC170AX05347875	5347875	АХ5704КЕ	2016	0	manual	unknown	4	1135
2137	35S18 M.Y.2016	ZCFC135D505282929	5282929	ВО9767ЕМ	2016	0	manual	unknown	4	1279
2138	Stralis	WJMM1VTH4DC268757	C268757	АМ4689НВ	2000	0	manual	unknown	4	1280
2113	65C17	ZCFC60C110D523252	D523252	ВС3124ТА	2000	0	manual	unknown	4	1269
2139	Stralis	WJMM1VTH4DC264471	C264471	АТ5382НК	2000	0	manual	unknown	4	1281
2140	Stralis E6	WJMM1VTH6EC291957	C291957	ВС3417ТА	2000	0	manual	unknown	4	1282
2141	50C18	ZCFC150DX0D583673	D583673	ВС5423ТВ	2000	0	manual	unknown	4	1198
2142	Stralis	WJMM1VTH404335293	4335293	АО1597НХ	2000	0	manual	unknown	4	1283
2143	Stralis	WJMM1VUH40C255035	C255035	СЕ2948ЕО	2000	0	manual	unknown	4	1284
2144	180E28 MY2015	ZCFA71TM202679593	2679593	ВС1722РН	2000	0	manual	unknown	4	1285
2145	Stralis E6	WJMM1VTH60C327481	C327481	АО4100КА	2000	0	manual	unknown	4	1286
2146	Stralis	WJMM1VUH60C318784	C318784	АО9307НО	2000	0	manual	unknown	4	1144
2147	Trakker	WJMJ4CSS48C203733	C203733	ВС0936РС	2000	0	manual	unknown	4	1230
2148	70C18 M.Y.2016	ZCFC170D6K5292841	5292841	ВС5962РХ	2016	0	manual	unknown	4	1287
2150	35C18 M.Y.2019	ZCFC635D505419840	5419840	КА1238ВО	2019	0	manual	unknown	4	1246
2151	440S46 AS STRAL.MY2013	WJMM1VTH4DC268974	C268974	АІ2650ОХ	2000	0	manual	unknown	4	1289
2152	Stralis E6	WJMM62AU60C370345	C370345	АЕ4207РТ	2000	0	manual	unknown	4	1290
2153	Stralis	WJMM62AU10C379437	C379437	АО1793ІА	2000	0	manual	unknown	4	1291
2154	Stralis	WJMM1VTH60C289278	C289278	КЕ7620АВ	2000	0	manual	unknown	4	1273
2155	440S42 AS STRAL.2007	WJMM1VSH404385654	4385654	ВС3270ТА	2007	0	manual	unknown	4	1292
2156	35S15	ZCFC35A710D516163	D516163	ВС8271ІВ	2000	0	manual	unknown	4	1293
2157	Stralis	WJMM1VTH404383807	4383807	3TK97E	2000	0	manual	unknown	4	1241
2158	70С17	ZCFC170C205085268	5085268	ВС7685РТ	2000	0	manual	unknown	4	1173
2159	Stralis	WJMM1VTH6FC298592	C298592	ВК0307НВ	2000	0	manual	unknown	4	1156
2160	70C17 2014	ZCFC170C8F5039971	5039971	ВС0639РК	2014	0	manual	unknown	4	1131
2130	70С17	ZCFC170C6G5091990	5091990	ВС7099РХ	2000	0	manual	unknown	4	1198
2163	35S12	ZCFC3570105129207	5129207	ВО1716ЕК	2000	0	manual	unknown	4	1131
2164	Stralis E6	WJMM1VUH60C356654	C356654	ВС4590ТА	2000	0	manual	unknown	4	1189
2165	35С13	ZCFC3591005261153	5261153	KDA64FA	2000	0	manual	unknown	4	1293
2166	Stralis E6	WJMM1VTH60C288124	C288124	ВО0226ЕО	2000	0	manual	unknown	4	1207
2168	Stralis E6	WJMM1VSH60C284181	C284181	ВО1602ЕО	2000	0	manual	unknown	4	1257
2169	70C18 M.Y.2016	ZCFC170D005308769	5308769	ВК1058ІН	2016	0	manual	unknown	4	1190
2170	70C18	ZCFC170D0H5130566	5130566	ВС4300ІС	2000	0	manual	unknown	4	1136
2171	70C17 2014	ZCFC270C4F5037907	5037907	ВС9344НХ	2014	0	manual	unknown	4	1136
2172	440S45 AS STRAL.2007	WJMM1VTH40C241225	C241225	АО9535СА	2007	0	manual	unknown	4	1205
2173	Stralis E6	WJMM1VSH60C344764	C344764	АЕ2781ММ	2000	0	manual	unknown	4	1295
2161	Stralis	WJMM1VTH404383805	4383805	ВО4827ЕО	2000	0	manual	unknown	4	1241
2174	35S18W 2014	ZCFD035D505182868	5182868	КА8842ВА	2014	0	manual	unknown	4	1296
2175	Stralis E6	WJMM1VTH6EC287100	C287100	АО0990СР	2000	0	manual	unknown	4	1297
2176	Stralis E6	WJMM1VSH404320735	4320735	АО1296НХ	2000	0	manual	unknown	4	1213
2177	Stralis	WJMM1VTH4DC271876	C271876	АТ5381НК	2000	0	manual	unknown	4	1298
2167	70C17	ZCFC170C805049682	5049682	АО1314ІВ	2000	0	manual	unknown	4	1294
2178	70C18 M.Y.2016	ZCFC170D505233633	5233633	ВС1541ТА	2016	0	manual	unknown	4	1153
2179	Stralis	WJMM1VTH40C265413	C265413	АЕ9638СС	2000	0	manual	unknown	4	1299
2180	50С18	ZCFC250D705134037	5134037	ВС6560РХ	2000	0	manual	unknown	4	1151
2181	Stralis	WJMM1VTH404394240	4394240	7628UE	2000	0	manual	unknown	4	1300
2182	Stralis	WJMM1VTH4C4393682	4393682	ВН9928РР	2000	0	manual	unknown	4	1301
2183	Stralis	WJMM1VUH404327244	4327244	ВС9325НА	2000	0	manual	unknown	4	1185
2184	70C17	ZCFC170C205071144	5071144	ВХ4058НР	2000	0	manual	unknown	4	1302
2129	Stralis E6	WJMA1VSH60C289544	C289544	ВС1036РР	2000	0	manual	unknown	4	1275
2162	Stralis	WJMM1VTH404388418	4388418	ВЕ0800ОО	2000	0	manual	unknown	4	1344
2128	70С17	ZCFC170C205073525	5073525	КА3276КК	2000	0	manual	unknown	4	1130
2149	70С17	ZCFC170C5G5056812	5056812	ВС9905ТН	2000	0	manual	unknown	4	1328
2185	Stralis	WJMM1VSH60C272606	C272606	АТ2437НІ	2000	0	manual	unknown	4	1163
2187	Stralis E6	WJMM62AT80C390734	C390734	ВС7554РХ	2000	0	manual	unknown	4	1304
2188	Stralis	WJMM1VTH404394586	4394586	ВС5259ОВ	2000	0	manual	unknown	4	1305
2189	35S18	ZCFC135D9J5227868	5227868	ВС6659РХ	2000	0	manual	unknown	4	1163
2190	35С11	ZCFC3572005348980	5348980	BJ553VF	2000	0	manual	unknown	4	1306
2191	70C18	ZCFC170D805235280	5235280	ВС0496ТА	2000	0	manual	unknown	4	1153
2192	70C18	ZCFC170D7K5251490	5251490	ВО8128ЕО	2000	0	manual	unknown	4	1204
2193	440S46 AS STRALIS E6	WJMM1VTH6FC299221	C299221	СВ2327СХ	2000	0	manual	unknown	4	1307
2194	Ecargo	ZCFA61MM402634706	2634706	ВС4122ТС	2000	0	manual	unknown	4	1308
2195	70С17	ZCFC170C4F5006546	5006546	ВС0710ТС	2000	0	manual	unknown	4	1131
2196	70С21	ZCFC170F305027793	5027793	ВО9807СК	2000	0	manual	unknown	4	1227
2197	70C18	ZCFC170D005123802	5123802	DEG04135	2000	0	manual	unknown	4	1303
2198	70C18 M.Y.2016	ZCFC170D4K5273883	5273883	ВС7200РХ	2016	0	manual	unknown	4	1158
2200	410T42 AD TRAK.2013 EE	WJMJ4CSS60C270857	C270857	КА0932ЕІ	2013	0	manual	unknown	4	1230
2201	70C18 M.Y.2016	ZCFC170D0J5234996	5234996	ВХ3040НХ	2016	0	manual	unknown	4	1309
2202	70C18 M.Y.2016	ZCFC270D105173346	5173346	ВС2218ТА	2016	0	manual	unknown	4	1153
2203	Ecargo	ZCFA90D0402568705	2568705	11111	2000	0	manual	unknown	4	1310
2204	70C17 M.Y.2012	ZCFC70C10E5986875	5986875	КА1237КК	2012	0	manual	unknown	4	1311
2205	440S46 AS STRALIS E6	WJMM1VTH6HC358998	C358998	КА6394СН	2000	0	manual	unknown	4	1312
2206	35S18 M.Y.2016	ZCFC135D4H5146772	5146772	ВО7094ЕО	2016	0	manual	unknown	4	1273
2207	440S46 AS STRAL.MY2016	WJMM62AT50C399374	C399374	ВО3595ЕІ	2000	0	manual	unknown	4	1240
2208	35S18 M.Y.2016	ZCFC135D0J5243165	5243165	ВС0147РТ	2016	0	manual	unknown	4	1313
2209	440S45 AS STRAL.2007	WJMM1VTH40C253605	C253605	ВО4136ЕО	2007	0	manual	unknown	4	1314
2210	35S17 M.Y.2012	ZCFC35C200D500284	D500284	ВЕ1703СО	2012	0	manual	unknown	4	1198
2211	75E19 MY2015	ZCFA775DX02655431	2655431	ВС0682РС	2000	0	manual	unknown	4	1131
2212	440S42 AT STRALIS E6	WJMM1VSH60C353471	C353471	ВС9768РС	2000	0	manual	unknown	4	1315
2213	40C15 2014	ZCFC140A705073453	5073453	ВС1837ТС	2014	0	manual	unknown	4	1129
2214	70C17 2014	ZCFC170C105038698	5038698	СЕ5404ЕО	2014	0	manual	unknown	4	1158
2215	65C15	ZCFC60A0005456136	5456136	АО362В	2000	0	manual	unknown	4	1316
2216	440S50 AS STRALIS E6	WJMM1VUH60C331936	C331936	АО8599НТ	2000	0	manual	unknown	4	1189
2217	50C21 M.Y.2016	ZCFC250F905243553	5243553	АЕ6161ІА	2016	0	manual	unknown	4	1317
2219	35S18 M.Y.2016	ZCFC135DX05176461	5176461	ВС2345ТЕ	2016	0	manual	unknown	4	1135
2220	70C16 M.Y.2022	ZCFCE72B105547361	5547361	ВС3100РТ	2022	0	manual	unknown	4	1158
2221	35S18 M.Y.2016	ZCFC135DX05237937	5237937	СЕ6168ЕМ	2016	0	manual	unknown	4	1319
2222	440S46 AS STRAL.MY2013	WJMM1VTH40C276402	C276402	ВО4836ЕК	2000	0	manual	unknown	4	1257
2223	440S45 AS STRAL.2007	WJMM1VTH404383772	4383772	ВО5345ЕР	2007	0	manual	unknown	4	1320
2224	440S45 AS STRAL.2007	WJMM1VTH40C246985	C246985	СЕ4063ЕЕ	2007	0	manual	unknown	4	1321
2225	35S17 2014	ZCFC135C5H5118387	5118387	АВ5998КЕ	2014	0	manual	unknown	4	1166
2226	35S17 M.Y.2012	ZCFC35C2005911237	5911237	АС3919ЕТ	2012	0	manual	unknown	4	1322
2227	35S18 M.Y.2016	ZCFC135D505270232	5270232	ВК7011ІН	2016	0	manual	unknown	4	1232
2228		ZCFC3591005304524	5304524	ВС0208ТС	2000	0	manual	unknown	4	1323
2229	440S50 AS STRAL.2007	WJMM1VUH4B4382549	4382549	АС6064НМ	2007	0	manual	unknown	4	1324
2230	70C17 2014	ZCFC270C405056495	5056495	ВС7790ТІ	2014	0	manual	unknown	4	1325
2231	70C18 M.Y.2016	ZCFC170D3J5192551	5192551	АС5284НМ	2016	0	manual	unknown	4	1156
2232	440S48 AS STRALIS E6	WJMM1VUH60C320496	C320496	АЕ8136ММ	2000	0	manual	unknown	4	1299
2233	70C17 2014	ZCFC270C705050299	5050299	ВТ6280СО	2014	0	manual	unknown	4	1129
2234	MAGELYS HDH	VNESFR31000000394	0000394	ВС9167РР	2000	0	manual	unknown	4	1327
2235	70C18 M.Y.2019	ZCFC670DXM5368792	5368792	ВС6930ТВ	2019	0	manual	unknown	4	1328
2236	440S48 AS STRALIS E6	WJMM1VUH60C298153	C298153	ВС0998ТС	2000	0	manual	unknown	4	1158
2237	70C18 M.Y.2016	ZCFC170DX0D600399	D600399	КА5296КР	2016	0	manual	unknown	4	1209
2238	70C18 M.Y.2016	ZCFC170D105183023	5183023	КА8154КІ	2016	0	manual	unknown	4	1329
2239	440S42 AS STRAL.2007	WJMM1VSH404389387	4389387	АО2814НЕ	2007	0	manual	unknown	4	1330
2240	70C17 M.Y.2012	ZCFC70C1105956805	5956805	ВС3406МХ	2012	0	manual	unknown	4	1262
2241	70C18 M.Y.2016	ZCFC170D505186085	5186085	ВС7825ТІ	2016	0	manual	unknown	4	1146
2242	440S42 AS STRALIS E6	WJMM1VSH60C344762	C344762	АЕ2752ММ	2000	0	manual	unknown	4	1299
2243	440S46 AS STRALIS E6	WJMM1VTH60C288735	C288735	ВО5099ЕС	2000	0	manual	unknown	4	1207
2244	70C21 2014	ZCFC170F00D568449	D568449	ВС0452РК	2014	0	manual	unknown	4	1152
2218	50C17 2014	ZCFC150CXG5085484	5085484	АС3308НР	2014	0	manual	unknown	4	1318
2199	35C17 M.Y.2012	ZCFC35C300D519212	D519212	ВС6218ТІ	2012	0	manual	unknown	4	1228
1959	35S18 M.Y.2016	ZCFC135D2K5276976	5276976	ВС8072ТВ	2016	0	manual	unknown	4	1163
2245	35S17 2014	ZCFC135C4G5104656	5104656	ВС7774НС	2014	0	manual	unknown	4	1211
2186	70C18	ZCFC170D305188479	5188479	АІ1326РО	2000	0	manual	unknown	4	1329
2247	50C15H M.Y.2006	ZCFC50A2105890034	5890034	ВО9806СК	2006	0	manual	unknown	4	1332
2248	440S45 AT STRAL.2007	WJMM1VTH4CC252490	C252490	АТ1902НХ	2007	0	manual	unknown	4	1278
2249	440S42 AS STRAL.2007	WJMM1VSH404355579	4355579	АЕ5347ОТ	2007	0	manual	unknown	4	1263
2250	440S46 AS STRALIS E6	WJMM1VTH60C356391	C356391	ВІ0989ІС	2000	0	manual	unknown	4	1333
2251	440S48 AS STRALIS E6	WJMM1VUH60C312441	C312441	АЕ8073ММ	2000	0	manual	unknown	4	1299
2252	70C17 M.Y.2012	ZCFC70C10E5983436	5983436	АА0419ІІ	2012	0	manual	unknown	4	1334
2253	35C18 M.Y.2016	ZCFC235D3H5145500	5145500	ВС1089ТА	2016	0	manual	unknown	4	1153
2254	70C18 M.Y.2016	ZCFC170D4J5222298	5222298	ЕН8548	2016	0	manual	unknown	4	1156
2255	70C18 M.Y.2016	ZCFC170D6K5261833	5261833	АО9940НТ	2016	0	manual	unknown	4	1223
2256	35C13 E5 M.Y.2016	ZCFC2359005167051	5167051	КА1802НС	2016	0	manual	unknown	4	1335
2257	440S45 AS STRAL.2007	WJMM1VTH404368088	4368088	ВН7479РО	2007	0	manual	unknown	4	1336
2258	50C17 2014	ZCFC150C405082022	5082022	АС2042ЕК	2014	0	manual	unknown	4	1338
2259	70C18 M.Y.2016	ZCFC170D705218390	5218390	АО7730НР	2016	0	manual	unknown	4	1339
2260	70C21 2014	ZCFC170F7F5042922	5042922	ВС2154ТН	2014	0	manual	unknown	4	1340
2261	70C18 M.Y.2016	ZCFC170D8K5265379	5265379	АС8210НМ	2016	0	manual	unknown	4	1173
2262	440S46 AS STRALIS E6	WJMM1VTH60C351322	C351322	GDA61648	2000	0	manual	unknown	4	1341
2263	440S43 AT STRALIS	WJMM1VSK004308496	4308496	ВС9948РС	2000	0	manual	unknown	4	1161
2264	70C18 M.Y.2016	ZCFC170D005234351	5234351	ВС1793ТВ	2016	0	manual	unknown	4	1342
2265	70C18 M.Y.2016	ZCFC170D5J5222861	5222861	ВС0275РР	2016	0	manual	unknown	4	1345
2266	440S42 AS STRAL.2007	WJMM1VSH404343913	4343913	АС7523ЕО	2007	0	manual	unknown	4	1346
2267	70C17 M.Y.2012	ZCFC70C10D5954742	5954742	ВС4374РТ	2012	0	manual	unknown	4	1347
2268	35S18 M.Y.2016	ZCFC135D305300764	5300764	АС1451НМ	2016	0	manual	unknown	4	1198
2269	440S48 AS STRALIS E6	WJMM1VUH60C288511	C288511	ВС0412ІА	2000	0	manual	unknown	4	1348
2270	35S18 M.Y.2016	ZCFC135DXK5261786	5261786	ВС4351ТВ	2016	0	manual	unknown	4	1139
2271	35S17 2014	ZCFC135C605077711	5077711	АІ3833НР	2014	0	manual	unknown	4	1232
2273	440S48 AS STRAL.MY2016	WJMM62AU60C393933	C393933	ВО0871ЕІ	2000	0	manual	unknown	4	1240
2274	35S18 M.Y.2016	ZCFC135D7K5262104	5262104	АІ7278РС	2016	0	manual	unknown	4	1349
2275	50C18 M.Y.2016	ZCFC150D905271922	5271922	V363VP	2016	0	manual	unknown	4	1350
2276	440S46 AS STRALIS E6	WJMM1VTH60C356257	C356257	ВІ0991ІС	2000	0	manual	unknown	4	1333
2278	440S46 AS STRAL.MY2013	WJMM1VTH40C285559	C285559	ВО5586ЕМ	2000	0	manual	unknown	4	1351
2281	440S45 AS STRAL.2007	WJMM1VTH404389188	4389188	АО2807НТ	2007	0	manual	unknown	4	1352
2282	440S45 AS STRAL.2007	WJMM1VTH404391641	4391641	АХ8151МХ	2007	0	manual	unknown	4	1209
2283	440S45 AS STRAL.2007	WJMM1VTH484338770	4338770	ВН6854НО	2007	0	manual	unknown	4	1353
2286	70C18 M.Y.2016	ZCFC170D905206533	5206533	ВС5628ТЕ	2016	0	manual	unknown	4	1130
2287	440S45 AS STRALIS E4	WJMM1VTH404328590	4328590	ВО4278ЕС	2000	0	manual	unknown	4	1354
2288	440S45 AS STRAL.2007	WJMM1VTH404344128	4344128	ВІ9351СІ	2007	0	manual	unknown	4	1270
2289	Stralis E6	WJMM62AU10C351525	C351525	АС0418НО	2000	0	manual	unknown	4	1190
2290	440S46 AS STRALIS E6	WJMM1VTH60C289079	C289079	КЕ7615АВ	2000	0	manual	unknown	4	1273
2291	70C18 M.Y.2019	ZCFC670D8L5324661	5324661	ВС3750ТА	2019	0	manual	unknown	4	1355
2292	35S15 M.Y.2016	ZCFC335B00D634314	D634314	ВС1695ТН	2016	0	manual	unknown	4	1198
2293	35S17 2014	ZCFC135C6G5063060	5063060	ВК4759ІМ	2014	0	manual	unknown	4	1356
2294	440S45 AS STRALIS E4	WJMM1VTH404324213	4324213	ВС4875ОІ	2000	0	manual	unknown	4	1266
2295	70C16 M.Y.2019	ZCFCA70B505465793	5465793	КА1749ІН	2019	0	manual	unknown	4	1357
2081	Stralis	WJMM1VWH40C243226	C243226	ВС3930ТЕ	2000	0	manual	unknown	4	1176
2296	Stralis	WJMS2NTH60C287895	C287895	ВО3108ЕК	2000	0	manual	unknown	4	1190
2297	Stralis	WJMM1VWH404380174	4380174	АО4456ІВ	2000	0	manual	unknown	4	1358
2298	440S45 AS STRAL.2007	WJMM1VTH404366805	4366805	СЕ6359ЕР	2007	0	manual	unknown	4	1359
2299	35C15 2014	ZCFC635AX05125808	5125808	АА1393РЕ	2014	0	manual	unknown	4	1360
2300	70C18 M.Y.2016	ZCFC270D805183288	5183288	АО8929ІВ	2016	0	manual	unknown	4	1294
2301	440S43 AS STRALIS	WJMM1VSK004293367	4293367	ВО6852ЕН	2000	0	manual	unknown	4	1302
2302	440S46 AS STRALIS E6	WJMM1VTH60C305411	C305411	СЕ9438ЕІ	2000	0	manual	unknown	4	1361
2284	440S46 AS STRALIS E6	WJMM1VTH6FC311040	C311040	ВО2973ЕТ	2000	0	manual	unknown	4	1270
2246	440S48 AS STRAL.MY2016	WJMM62AU30C394375	C394375	ВО0915ЕН	2000	0	manual	unknown	4	1384
2285	35S18 M.Y.2016	ZCFC135D9J5216322	5216322	НС1968АВ	2016	0	manual	unknown	4	1226
2277	35S17 2014	ZCFC135C1G5116800	5116800	ВС9719ТА	2014	0	manual	unknown	4	1198
2280	35S17 2014	ZCFC135C7F5050560	5050560	ВС4704ТН	2014	0	manual	unknown	4	1131
2272	70C18 M.Y.2016	ZCFC270D205134751	5134751	КА0423ОТ	2016	0	manual	unknown	4	1331
2303	440S48 AS STRALIS E6	WJMM1VUH60C294198	C294198	MA0401	2000	0	manual	unknown	4	1299
2304	70C18 M.Y.2016	ZCFC170D7J5223672	5223672	КА5156КТ	2016	0	manual	unknown	4	1130
2305	70C15 E5 M.Y.2016	ZCFC170A105179222	5179222	АА5866ТО	2016	0	manual	unknown	4	1362
2306	70С17	ZCFC170C5F5027146	5027146	АМ7718НН	2000	0	manual	unknown	4	1192
2307	440S46 AS STRALIS E6	WJMM1VTH60C281456	C281456	ВО3874ЕН	2000	0	manual	unknown	4	1363
2308	70C18 M.Y.2016	ZCFC270D9K5279790	5279790	КА0489КК	2016	0	manual	unknown	4	1130
2309	70C18 M.Y.2016	ZCFC170D905224305	5224305	ВС7736ТІ	2016	0	manual	unknown	4	1130
2310	70C17 2014	ZCFC170C905079659	5079659	ВО2700ЕН	2014	0	manual	unknown	4	1204
2311	70C15 M.Y.2012	ZCFC70A3205959780	5959780	ВС0639ТН	2012	0	manual	unknown	4	1131
2312	50C15 M.Y.2012	ZCFC50A4205975234	5975234	ВС0701ОК	2012	0	manual	unknown	4	1163
2314	35C15H M.Y.2006	ZCFC35A8105893701	5893701	АС6373СН	2006	0	manual	unknown	4	1190
2315	65C15 M.Y.2012	ZCFC65A600D529287	D529287	КА5926СР	2012	0	manual	unknown	4	1189
2316	70C17 2014	ZCFC170CXF5034643	5034643	КО1030АВ	2014	0	manual	unknown	4	1294
2317	440S45 AS STRAL.2007	WJMM1VTH404383791	4383791	5974 А5	2007	0	manual	unknown	4	1365
2318	35S18 M.Y.2016	ZCFC135D205301811	5301811	ВС4303ТІ	2016	0	manual	unknown	4	1366
2319	70C21 M.Y.2016	ZCFC270F7K5298940	5298940	LU117LE	2016	0	manual	unknown	4	1367
2321	70C18 M.Y.2016	ZCFC270D10D628945	D628945	ВС0007КІ	2016	0	manual	unknown	4	1189
2322	70C18 M.Y.2016	ZCFC170D2J5229010	5229010	КА3416КА	2016	0	manual	unknown	4	1130
2323	440S48 AS STRAL.MY2016	WJMM62AUX0C380537	C380537	ВС2257РО	2000	0	manual	unknown	4	1304
2324	35C17	ZCFC35C1005578684	5578684	ВС8152ЕК	2000	0	manual	unknown	4	1130
2326	440S46 AS STRALIS E6	WJMM1VTH60C310568	C310568	АО6100ІА	2000	0	manual	unknown	4	1198
2325	70C18 M.Y.2016	ZCFC170D505283349	5283349	КА1932МС	2016	0	manual	unknown	4	1130
2327	440S50 AS STRALIS E6	WJMM1VUH60C333832	C333832	АО9917ІА	2000	0	manual	unknown	4	1146
2328	35C17 M.Y.2012	ZCFC35C3105972552	5972552	ВС1541ТЕ	2012	0	manual	unknown	4	1342
2329	65C15 M.Y.2012	ZCFC65A6205935739	5935739	DUA772	2012	0	manual	unknown	4	1156
2330	440S45 AS STRAL.2007	WJMM1VTH404395383	4395383	АО2700НК	2007	0	manual	unknown	4	1146
2331	35C15 M.Y.2012	ZCFC35A740D509446	D509446	ВС0590МІ	2012	0	manual	unknown	4	1368
2332	70C17 2014	ZCFC170C2G5099469	5099469	ВС7422ТЕ	2014	0	manual	unknown	4	1223
2333	70C18 M.Y.2019	ZCFC670DXM5427565	5427565	АМ6607МР	2019	0	manual	unknown	4	1369
2334	50C14 M.Y.2009	ZCFC50A3105850825	5850825	ВА9183ВЕ	2009	0	manual	unknown	4	1144
2335	70C18 M.Y.2019	ZCFC670D5L5332815	5332815	АО9232ІВ	2019	0	manual	unknown	4	1370
2336	440S42 AS STRALIS E6	WJMM1VSH60C324901	C324901	ВО9274ЕО	2000	0	manual	unknown	4	1139
2337	440S45 AS STRAL.2007	WJMM1VTH404382564	4382564	АС8655НМ	2007	0	manual	unknown	4	1215
2338	35S18 M.Y.2016	ZCFC135DX05219843	5219843	АС8661НН	2016	0	manual	unknown	4	1371
2339	70C17 M.Y.2012	ZCFC70C1105926693	5926693	ВС0429ТЕ	2012	0	manual	unknown	4	1130
2340	70C17 2014	ZCFC270C205002998	5002998	ВС7867РХ	2014	0	manual	unknown	4	1372
2341	50C15 M.Y.2012	ZCFC50A400D473631	D473631	ВС1299ТС	2012	0	manual	unknown	4	1241
2342	65C15H M.Y.2006	ZCFC60A2105729984	5729984	ВС2513ТЕ	2006	0	manual	unknown	4	1373
2343	70C18 M.Y.2016	ZCFC170D5J5189358	5189358	ВС0732ТН	2016	0	manual	unknown	4	1158
2344	50C15H M.Y.2006	ZCFC50A2105869336	5869336	КА9522АР	2006	0	manual	unknown	4	1374
2345	70C17 2014	ZCFC170C505083627	5083627	КО1525АВ	2014	0	manual	unknown	4	1294
2346	65C17 M.Y.2012	ZCFC65C1105959536	5959536	ВС5494ІС	2012	0	manual	unknown	4	1375
2347	70C15 M.Y.2012	ZCFC70A3205939273	5939273	DUA850	2012	0	manual	unknown	4	1156
2348	70C18 M.Y.2016	ZCFC170D605295364	5295364	КА3372МК	2016	0	manual	unknown	4	1130
2349	70C18 M.Y.2016	ZCFC170D8J5235295	5235295	КА3417КА	2016	0	manual	unknown	4	1130
2350	440S45 AS STRAL.2007	WJMM1VTH404345620	4345620	ВС1599ОО	2007	0	manual	unknown	4	1142
2351	440S45 AS STRAL.2007	WJMM1VTH40C237455	C237455	ВС4910РХ	2007	0	manual	unknown	4	1376
2352	70C18 M.Y.2016	ZCFC170D605259450	5259450	ВС9442ТІ	2016	0	manual	unknown	4	1190
2354	35S18 M.Y.2016	ZCFC135D305243546	5243546	АС2026НК	2016	0	manual	unknown	4	1189
2355	70C18 M.Y.2016	ZCFC170D105282585	5282585	КА3056МВ	2016	0	manual	unknown	4	1130
2356	70C17 2014	ZCFC270C505028415	5028415	ВС8434РР	2014	0	manual	unknown	4	1179
2357	440S45 AT STRALIS E4	WJMM1VTH404329578	4329578	ВС7671РО	2000	0	manual	unknown	4	1130
2358	440S50 AS STRAL.MY2013	WJMM1VUH40C278582	C278582	АО5201ІС	2000	0	manual	unknown	4	1377
2359	440S48 AS STRALIS E6	WJMM1VUH60C356926	C356926	ВС9883ТВ	2000	0	manual	unknown	4	1189
2360	50C15 - E4 M.Y.2012	ZCFC50A430D507261	D507261	ВС2456ЕЕ	2012	0	manual	unknown	4	1378
2361	70C18 M.Y.2016	ZCFC170D305208553	5208553	ВС9176ТА	2016	0	manual	unknown	4	1172
2353	440S48 AS STRALIS E6	WJMM1VUH60C356787	C356787	ВС9883ТН	2000	0	manual	unknown	4	1386
2320	70C18 M.Y.2016	ZCFC170D405232327	5232327	КА4941КЕ	2016	0	manual	unknown	4	1407
2313	440S46 AS STRALIS E6	WJMM1VTH60C350488	C350488	АС8849НМ	2000	0	manual	unknown	4	1270
2279	70C17 2014	ZCFC170C205080281	5080281	ВС8130РХ	2014	0	manual	unknown	4	1198
2362	35S18 M.Y.2016	ZCFC135D9J5190255	5190255	АС8294ЕМ	2016	0	manual	unknown	4	1273
2363	70C17 M.Y.2012	ZCFC70C100D515269	D515269	АС6515НІ	2012	0	manual	unknown	4	1379
2364	440S46 AS STRALIS E6	WJMM1VTH60C313432	C313432	ВО5469ЕР	2000	0	manual	unknown	4	1139
2365	70C18 M.Y.2016	ZCFC170D105299760	5299760	КА2585МВ	2016	0	manual	unknown	4	1130
2366	70C18 M.Y.2019	ZCFC670D4K5315213	5315213	ВХ9646НТ	2019	0	manual	unknown	4	1381
2367	410T45 AD TRAKKER E4	WJMJ4CTS40C176662	C176662	ВС0323ТЕ	2000	0	manual	unknown	4	1152
2368	70C15 M.Y.2012	ZCFC70A3205939695	5939695	АТ9329ІС	2012	0	manual	unknown	4	1156
2369	440S46 AS STRALIS E6	WJMM1VTH60C310878	C310878	ВО0492ЕО	2000	0	manual	unknown	4	1382
2370	35S18 M.Y.2016	ZCFC135D105166448	5166448	ВС6373ТЕ	2016	0	manual	unknown	4	1383
2371	50C15 E5 M.Y.2016	ZCFC150A605385706	5385706	ВС0485МО	2016	0	manual	unknown	4	1385
2372	440S50 AS STRAL.MY2013	WJMM1VUH40C271143	C271143	ВС7264ТС	2000	0	manual	unknown	4	1304
2373	75E17 TECTOR RESTYLING	ZCFA75C0202446737	2446737	ВС4866СХ	2000	0	manual	unknown	4	1257
2374	35S18 M.Y.2019	ZCFC535D005319325	5319325	ВС2215ТН	2019	0	manual	unknown	4	1387
2375	70C18 M.Y.2016	ZCFC170D2K5287748	5287748	ВК4048ІМ	2016	0	manual	unknown	4	1273
2376	35S18 M.Y.2016	ZCFC135DXH5134576	5134576	ВС4633ТН	2016	0	manual	unknown	4	1388
2377	440S48 AS STRALIS E6	WJMM1VUH60C310372	C310372	ВО8520ЕР	2000	0	manual	unknown	4	1349
2378	70C16 M.Y.2022	ZCFCE72B705547011	5547011	ВС5600РО	2022	0	manual	unknown	4	1389
2379	50C15	ZCFC50A000D235309	D235309	ВС0926СР	2000	0	manual	unknown	4	1181
2380	440S46 AS STRAL.MY2013	WJMM1VTH40C285383	C285383	АТ1048НХ	2000	0	manual	unknown	4	1390
2381	440S45 AS STRAL.2007	WJMM1VTH404395210	4395210	СЕ0339ЕЕ	2007	0	manual	unknown	4	1391
2382	70C18 M.Y.2019	ZCFC670D1L5316689	5316689	ЕМ3787	2019	0	manual	unknown	4	1130
2383	70C18 M.Y.2016	ZCFC170D605161003	5161003	ВК6268ІО	2016	0	manual	unknown	4	1130
2384	35S18 M.Y.2016	ZCFC135D4K5277871	5277871	ВС7001РМ	2016	0	manual	unknown	4	1392
2385	70С17	ZCFC70C10E5988682	5988682	ВС7475ТК	2000	0	manual	unknown	4	1158
2386	70C17 2014	ZCFC270C505033775	5033775	ВС4693ТЕ	2014	0	manual	unknown	4	1134
2387	70C17 M.Y.2012	ZCFC70C1105951851	5951851	ВС5720ІМ	2012	0	manual	unknown	4	1393
2388	35S16 M.Y.2016	ZCFC135B1K5258855	5258855	ВС3890РК	2016	0	manual	unknown	4	1152
2390	440S46 AS STRALIS E6	WJMM1VTH6GC344014	C344014	ВС4150ТВ	2000	0	manual	unknown	4	1266
2392	35S18 M.Y.2016	ZCFC135D105233744	5233744	АС5181НО	2016	0	manual	unknown	4	1394
2393	65C18 M.Y.2006	ZCFC65D0005747141	5747141	ВС0517ЕС	2006	0	manual	unknown	4	1241
2394	35S13	ZCFC3590005301079	5301079	ВН4316МР	2000	0	manual	unknown	4	1133
2395	440S46 AS STRAL.MY2013	WJMM1VTH40C279163	C279163	АО8075ІС	2000	0	manual	unknown	4	1395
2396	440S48 AS STRAL.MY2016	WJMM62AU30C395557	C395557	КЕ4559АЕ	2000	0	manual	unknown	4	1324
2397	35C15 2014	ZCFC635A105024382	5024382	ВС8265ОІ	2014	0	manual	unknown	4	1248
2398	40С18	ZCFC140D30D610741	D610741	ВС3721ОІ	2000	0	manual	unknown	4	1130
2399	120E18 MY.2008	ZCFA1ED0402552154	2552154	ВС5196ТЕ	2008	0	manual	unknown	4	1396
2401	35S17 2014	ZCFC135C3H5118386	5118386	ВС5055МЕ	2014	0	manual	unknown	4	1162
2402	35S18 M.Y.2016	ZCFC135D4J5240754	5240754	ВС4446ІЕ	2016	0	manual	unknown	4	1181
2403		ZCFC170D505283335	5283335	КА4451КХ	2000	0	manual	unknown	4	1130
2404	35C18 M.Y.2016	ZCFC235D905236498	5236498	ВС5442ТІ	2016	0	manual	unknown	4	1243
2405	440S48 AS STRALIS E6	WJMM1VUH60C289615	C289615	ВО8521ЕР	2000	0	manual	unknown	4	1349
2406	35S17 2014	ZCFC135C6G5107512	5107512	ВС6476ТЕ	2014	0	manual	unknown	4	1139
2407	70C18 M.Y.2016	ZCFC170D905288814	5288814	КА1394МС	2016	0	manual	unknown	4	1130
2408	440S46 AS STRAL.MY2013	WJMM1VTH40C258409	C258409	ВМ2157ЕВ	2000	0	manual	unknown	4	1151
2409	35C15 2014	ZCFC635A105058421	5058421	ВХ0024СН	2014	0	manual	unknown	4	1181
2410	70C17 M.Y.2012	ZCFC70C11C5910558	5910558	ВС6444ЕО	2012	0	manual	unknown	4	1152
2411	70C18 M.Y.2016	ZCFC270D5K5272691	5272691	КА0485КК	2016	0	manual	unknown	4	1130
2412	35S15 2014	ZCFC235A10D572996	D572996	АВ8387КК	2014	0	manual	unknown	4	1266
2413	65C17 M.Y.2009	ZCFC65C0005822609	5822609	АТ7786ЕТ	2009	0	manual	unknown	4	1398
2414	35S18 M.Y.2009	ZCFC35D2005871524	5871524	ВС9379ТС	2009	0	manual	unknown	4	1314
2415	65C18 M.Y.2006	ZCFC65D0005770511	5770511	ВС1916ТЕ	2006	0	manual	unknown	4	1399
2416	440S45 AS STRAL.2007	WJMM1VTH404340387	4340387	ВС4326РМ	2007	0	manual	unknown	4	1400
2417	440S45 AS STRAL.2007	WJMM1VTH404383950	4383950	8169К5	2007	0	manual	unknown	4	1255
2418	35S16 M.Y.2016	ZCFC135B705125983	5125983	ВС0217МХ	2016	0	manual	unknown	4	1375
2419	70C18 M.Y.2016	ZCFC170D0K5283262	5283262	ВС4531ТІ	2016	0	manual	unknown	4	1317
2420	100E18 MY.2008	ZCFA80D1402585549	2585549	АО5102СІ	2008	0	manual	unknown	4	1393
2421	70C17 2014	ZCFC170C405015707	5015707	ВС5097ТК	2014	0	manual	unknown	4	1401
2391	70С18	ZCFC670D205356453	5356453	НС2687АВ	2000	0	manual	unknown	4	1190
2400	70C18 M.Y.2016	ZCFC170D505279270	5279270	АО8683ІВ	2016	0	manual	unknown	2	1397
2422	70C18 M.Y.2016	ZCFC170DXL5319914	5319914	АС5646НР	2016	0	manual	unknown	4	1180
2423	35S18 M.Y.2016	ZCFC135D305287210	5287210	ВО7741ЕР	2016	0	manual	unknown	4	1234
2424	70C16 M.Y.2022	ZCFCE72B805556395	5556395	ВС6500РМ	2022	0	manual	unknown	4	1389
2425	440S45 AS STRAL.2007	WJMM1VTH484346620	4346620	ВС7974ОС	2007	0	manual	unknown	4	1163
2426	70C18 M.Y.2016	ZCFC170D805282017	5282017	КА3489ОТ	2016	0	manual	unknown	4	1130
2427	70C18 M.Y.2016	ZCFC170D805299173	5299173	КА3504ОТ	2016	0	manual	unknown	4	1130
2428	70C18 M.Y.2016	ZCFC170D005292816	5292816	КА3484ОТ	2016	0	manual	unknown	4	1130
2429	70C18 M.Y.2019	ZCFC670D405431508	5431508	ВС2656МІ	2019	0	manual	unknown	4	1402
2430	40C18 M.Y.2016	ZCFC240D305289632	5289632	ВК2207ІР	2016	0	manual	unknown	4	1244
2431	70C18 M.Y.2016	ZCFC170DXJ5245892	5245892	ВК7740ІЕ	2016	0	manual	unknown	4	1403
2432	440S46 AS STRALIS E6	WJMM1VTH60C317972	C317972	АО9300ЕТ	2000	0	manual	unknown	4	1329
2433	70C21 M.Y.2019	ZCFC670F705438003	5438003	КА3476ОТ	2019	0	manual	unknown	4	1130
2389	70C18 M.Y.2016	ZCFC170D605206831	5206831	ВС9350ТВ	2016	0	manual	unknown	4	1159
2434	70C17 M.Y.2012	ZCFC70C100D527464	D527464	ВС7400МХ	2012	0	manual	unknown	4	1166
2435	440S56 AS STRALIS E6	WJMS2NWH60C308922	C308922	АІ0568ОА	2000	0	manual	unknown	4	1139
2436	70C18 M.Y.2019	ZCFC670D105432146	5432146	ВС9131МТ	2019	0	manual	unknown	4	1402
2437	440S46 AS STRALIS E6	WJMM1VTH6GC330020	C330020	АО8935НТ	2000	0	manual	unknown	4	1127
2438	440S46 AS STRALIS E6	WJMM1VTH60C295515	C295515	АО1600НВ	2000	0	manual	unknown	4	1192
2439	70C17 2014	ZCFC170C805109413	5109413	КА7361СЕ	2014	0	manual	unknown	4	1404
2440	70C18 M.Y.2019	ZCFC670D505360349	5360349	КА4299ОТ	2019	0	manual	unknown	4	1130
2441	70C18 M.Y.2016	ZCFC170D105247223	5247223	КА4302ОТ	2016	0	manual	unknown	4	1130
2442	35S17 M.Y.2012	ZCFC35C20E5974722	5974722	ВС5131ІС	2012	0	manual	unknown	4	1405
2443	70C18 M.Y.2016	ZCFC270D305136525	5136525	АТ3285ІЕ	2016	0	manual	unknown	4	1153
2444	70C18 M.Y.2016	ZCFC170D105153598	5153598	АС2785НО	2016	0	manual	unknown	4	1404
2445	70C18 M.Y.2016	ZCFC170D1H5163902	5163902	ВС4431ТІ	2016	0	manual	unknown	4	1257
2446	440S46 AS STRAL.MY2016	WJMM62AT70C392345	C392345	КЕ2850АМ	2000	0	manual	unknown	4	1406
2447	65C15 2014	ZCFC160A605024529	5024529	АІ2897РЕ	2014	0	manual	unknown	4	1329
2448	50C17 M.Y.2012	ZCFC50C100D502853	D502853	НС2648АВ	2012	0	manual	unknown	4	1408
2449	35C15 M.Y.2012	ZCFC35A7805931145	5931145	АТ0904НР	2012	0	manual	unknown	4	1190
2450	35S17 2014	ZCFC135C105104703	5104703	ВО5758СК	2014	0	manual	unknown	4	1328
2451	260S46 AS STRAL.MY2013	WJME2NTH40C284018	C284018	RZ861EY	2000	0	manual	unknown	4	1190
2452	70C18 M.Y.2016	ZCFC170D50D575542	D575542	ВО0088ВА	2016	0	manual	unknown	4	1409
2453	70C18 M.Y.2016	ZCFC270D505134033	5134033	АТ4053НМ	2016	0	manual	unknown	4	1256
2454	440S46 AS STRAL.MY2016	WJMM62AT80C364800	C364800	КЕ5570АТ	2000	0	manual	unknown	4	1127
2455	70C18 M.Y.2016	ZCFC270D405143659	5143659	ВК4120ІМ	2016	0	manual	unknown	4	1328
2456	40C14 M.Y.2009	ZCFC40A4105871318	5871318	СЕ6119ЕС	2009	0	manual	unknown	4	1255
2457	70C18 M.Y.2019	ZCFC670D1L5317017	5317017	КА4581МК	2019	0	manual	unknown	4	1130
2458	440S48 AS STRALIS E6	WJMM1VUH60C346257	C346257	АЕ6307ОН	2000	0	manual	unknown	4	1186
2459	50C17 2014	ZCFC150C905081710	5081710	ВС7933МР	2014	0	manual	unknown	4	1173
2460	440S48 AS STRALIS E6	WJMM1VUH60C346123	C346123	АЕ6305ОН	2000	0	manual	unknown	4	1186
2461	70C18 M.Y.2016	ZCFC170D805282843	5282843	АС0232НР	2016	0	manual	unknown	4	1163
2462	140E28 MY2019	ZCFA81EM5L2707286	2707286	4783Н1	2000	0	manual	unknown	4	1255
2463	70C15-E3 M.Y.2009	ZCFC70A1105904346	5904346	ВС7951ТН	2009	0	manual	unknown	4	1214
2464	65C13	ZCFC65A0005324578	5324578	АТ2719ІІ	2000	0	manual	unknown	4	1392
2465	50C17 2014	ZCFC150C8G5085483	5085483	АХ8907ІХ	2014	0	manual	unknown	4	1131
2466	70C18 M.Y.2016	ZCFC170DX0D600404	D600404	КА5294КР	2016	0	manual	unknown	4	1411
2467	35S16 M.Y.2016	ZCFC135B6K5261363	5261363	ВС2965ТА	2016	0	manual	unknown	4	1152
2468	70C18 M.Y.2016	ZCFC170D605174902	5174902	ВС0385ТО	2016	0	manual	unknown	4	1412
2469	35S18 M.Y.2016	ZCFC135D005169700	5169700	АІ6835РХ	2016	0	manual	unknown	4	1413
2470	440S46 AS STRALIS E6	WJMM1VTH6GC325926	C325926	LU910ME	2000	0	manual	unknown	4	1151
2471	440S42 AS STRALIS E6	WJMM1VSH60C303119	C303119	АС9561НН	2000	0	manual	unknown	4	1414
2472	440S45 AS STRALIS E4	WJMM1VTH404314503	4314503	АМ9818НР	2000	0	manual	unknown	4	1204
2473	35S18 M.Y.2016	ZCFC135D50D576398	D576398	ВО0074ВР	2016	0	manual	unknown	4	1152
2474	35C15 M.Y.2012	ZCFC35A73C5904611	5904611	ВХ9463СН	2012	0	manual	unknown	4	1181
2475	70C18 M.Y.2016	ZCFC170D8J5201910	5201910	ВС9567ТН	2016	0	manual	unknown	4	1415
2476	340T41 AD TRAK.2007	WJMJ3JSS40C221116	C221116	ВС8699ЕТ	2007	0	manual	unknown	4	1314
2477	70C21 M.Y.2019	ZCFC670F705318086	5318086	КА1247ОХ	2019	0	manual	unknown	4	1407
2478	65C17 M.Y.2009	ZCFC65C0005849855	5849855	ВС2464РО	2009	0	manual	unknown	4	1134
2479	440S46 AT STRALIS E6	WJMM1VTH60C345178	C345178	СЕ5708ЕХ	2000	0	manual	unknown	4	1277
2480	440S46 AS STRALIS E6	WJMM1VTH6FC302025	C302025	СЕ9567ЕК	2000	0	manual	unknown	4	1416
2481	70C21 M.Y.2016	ZCFC270F605195506	5195506	ВС4637ТР	2016	0	manual	unknown	4	1417
2482	70C15 E5 M.Y.2016	ZCFC170A205389022	5389022	ВС2328ОС	2016	0	manual	unknown	4	1152
2483	50C15 2014	ZCFC150A705079730	5079730	ВС2563ТС	2014	0	manual	unknown	4	1156
2484	440S43 AT STRAL.MY2013	WJMM1VSF0NC465152	C465152	ВС462Е	2000	0	manual	unknown	4	1418
2485	70C16 M.Y.2022	ZCFCE72B505621168	5621168	ВО0700ЕР	2022	0	manual	unknown	4	1419
2486	35S12	ZCFC3581005609178	5609178	ВС9672ОР	2000	0	manual	unknown	4	1420
2487	35C17 2014	ZCFC335CX05037447	5037447	ВС5442ТХ	2014	0	manual	unknown	4	1130
2488	70C16 M.Y.2022	ZCFCE72B405619024	5619024	ВС4100ТІ	2022	0	manual	unknown	4	1389
2489	35S16 M.Y.2019	ZCFC735B005307491	5307491	ВС8358ТО	2019	0	manual	unknown	4	1162
2490	190S42 AT STRAL.2007	WJMA1VSH404356632	4356632	GSP4Y48	2007	0	manual	unknown	4	1421
2491	440S45 AS STRAL.2007	WJMM1VTH404394296	4394296	КО0891АВ	2007	0	manual	unknown	4	1218
2492	35S11 M.Y.2012	ZCFC3571605946495	5946495	BKI3YVE	2012	0	manual	unknown	4	1422
2493	35C14	ZCFC35A200D292864	D292864	ВС4735СА	2000	0	manual	unknown	4	1328
2494	CROSSWAY LOW ENTRY	VNESFR1510M011987	M011987	ВС2068ТК	2000	0	manual	unknown	4	1192
2495	440S46 AS STRALIS E6	WJMM1VTH60C289182	C289182	АО4330ІС	2000	0	manual	unknown	4	1423
2496	35S18 M.Y.2016	ZCFC135D8K5282684	5282684	АІ4888ЕН	2016	0	manual	unknown	4	1329
2497	180E25 MY.2016	35S18 M.Y.2016	.Y.2016	КА6128КЕ	2016	0	manual	unknown	4	1424
2498	70C15 M.Y.2012	ZCFC70A3205933880	5933880	ВС9209ТХ	2012	0	manual	unknown	4	1387
2499	70C18 M.Y.2019	ZCFC670D405315614	5315614	ВК2431ІР	2019	0	manual	unknown	4	1425
\.


--
-- Data for Name: django_admin_log; Type: TABLE DATA; Schema: public; Owner: -
--

COPY public.django_admin_log (id, action_time, object_id, object_repr, action_flag, change_message, content_type_id, user_id) FROM stdin;
1	2025-09-14 22:41:33.870366+03	1	Stralis	1	[{"added": {}}]	8	1
2	2025-09-14 22:41:55.513307+03	2	Daily	1	[{"added": {}}]	8	1
3	2025-09-14 22:42:05.227345+03	3	EuroCargo	1	[{"added": {}}]	8	1
4	2025-09-14 22:42:24.034145+03	1	Володимир Нос	1	[{"added": {}}]	7	1
5	2025-09-14 22:43:57.210073+03	1	70C14 M.Y.2009 (АТ1971ЕК)	1	[{"added": {}}]	9	1
6	2025-09-14 22:44:14.050643+03	1	Тарас Демків	1	[{"added": {}}]	10	1
7	2025-09-14 22:44:44.037037+03	1	Заміна оливи в двигуні (кожні 20000 км)	1	[{"added": {}}]	11	1
8	2025-09-14 22:45:09.05801+03	1	Виконано 'Заміна оливи в двигуні' для АТ1971ЕК	1	[{"added": {}}]	12	1
9	2025-09-16 23:10:55.916889+03	1	Manager	1	[{"added": {}}]	3	1
10	2025-09-16 23:11:09.459807+03	2	Mechanic	1	[{"added": {}}]	3	1
11	2025-09-16 23:11:58.353657+03	1	Manager	2	[{"changed": {"fields": ["Permissions"]}}]	3	1
12	2025-09-16 23:12:35.604222+03	2	V_Nos	1	[{"added": {}}]	4	1
13	2025-09-16 23:13:06.099536+03	2	V_Nos	2	[{"changed": {"fields": ["Groups"]}}]	4	1
14	2025-09-16 23:21:54.403966+03	1	Обслуговування автомобіля (700 грн/год)	1	[{"added": {}}]	17	1
15	2025-09-16 23:22:07.866423+03	2	Ремонт електропроводки автомобіля (700 грн/год)	1	[{"added": {}}]	17	1
16	2025-09-16 23:22:22.333629+03	3	Ремонт ходової частини (700 грн/год)	1	[{"added": {}}]	17	1
17	2025-09-16 23:22:34.07627+03	4	Комп'ютерна діагностика (1000 грн/год)	1	[{"added": {}}]	17	1
18	2025-09-16 23:44:56.391358+03	4	Не визначено	1	[{"added": {}}]	8	1
19	2025-09-17 00:16:15.079642+03	2400	70C18 M.Y.2016 (АО8683ІВ)	2	[{"changed": {"fields": ["\\u0411\\u0430\\u0437\\u043e\\u0432\\u0430 \\u043c\\u043e\\u0434\\u0435\\u043b\\u044c (\\u0440\\u043e\\u0434\\u0438\\u043d\\u0430)"]}}]	9	1
20	2025-09-18 23:02:34.555142+03	1425	Валерій Павлюк	2	[{"changed": {"fields": ["\\u0406\\u043c'\\u044f / \\u041d\\u0430\\u0437\\u0432\\u0430 \\u043a\\u043e\\u043c\\u043f\\u0430\\u043d\\u0456\\u0457", "\\u041f\\u0440\\u0456\\u0437\\u0432\\u0438\\u0449\\u0435 (\\u0434\\u043b\\u044f \\u0444\\u0456\\u0437. \\u043e\\u0441\\u0456\\u0431)"]}}]	7	1
21	2025-09-18 23:02:50.451463+03	1417	Тарас Дорота	2	[{"changed": {"fields": ["\\u0406\\u043c'\\u044f / \\u041d\\u0430\\u0437\\u0432\\u0430 \\u043a\\u043e\\u043c\\u043f\\u0430\\u043d\\u0456\\u0457", "\\u041f\\u0440\\u0456\\u0437\\u0432\\u0438\\u0449\\u0435 (\\u0434\\u043b\\u044f \\u0444\\u0456\\u0437. \\u043e\\u0441\\u0456\\u0431)"]}}]	7	1
\.


--
-- Data for Name: django_content_type; Type: TABLE DATA; Schema: public; Owner: -
--

COPY public.django_content_type (id, app_label, model) FROM stdin;
1	admin	logentry
2	auth	permission
3	auth	group
4	auth	user
5	contenttypes	contenttype
6	sessions	session
7	clients	client
8	clients	ivecobasemodel
9	clients	truck
10	orders	employee
11	orders	maintenancerule
12	orders	maintenancelog
13	orders	serviceorder
14	orders	servicework
15	inventory	part
16	inventory	usedpart
17	orders	workgroup
18	orders	repairphoto
\.


--
-- Data for Name: django_migrations; Type: TABLE DATA; Schema: public; Owner: -
--

COPY public.django_migrations (id, app, name, applied) FROM stdin;
1	contenttypes	0001_initial	2025-09-14 22:40:16.343741+03
2	auth	0001_initial	2025-09-14 22:40:16.412684+03
3	admin	0001_initial	2025-09-14 22:40:16.453092+03
4	admin	0002_logentry_remove_auto_add	2025-09-14 22:40:16.461185+03
5	admin	0003_logentry_add_action_flag_choices	2025-09-14 22:40:16.46776+03
6	contenttypes	0002_remove_content_type_name	2025-09-14 22:40:16.485254+03
7	auth	0002_alter_permission_name_max_length	2025-09-14 22:40:16.495389+03
8	auth	0003_alter_user_email_max_length	2025-09-14 22:40:16.502781+03
9	auth	0004_alter_user_username_opts	2025-09-14 22:40:16.511227+03
10	auth	0005_alter_user_last_login_null	2025-09-14 22:40:16.518285+03
11	auth	0006_require_contenttypes_0002	2025-09-14 22:40:16.519667+03
12	auth	0007_alter_validators_add_error_messages	2025-09-14 22:40:16.528061+03
13	auth	0008_alter_user_username_max_length	2025-09-14 22:40:16.54162+03
14	auth	0009_alter_user_last_name_max_length	2025-09-14 22:40:16.549593+03
15	auth	0010_alter_group_name_max_length	2025-09-14 22:40:16.558167+03
16	auth	0011_update_proxy_permissions	2025-09-14 22:40:16.564935+03
17	auth	0012_alter_user_first_name_max_length	2025-09-14 22:40:16.572929+03
18	clients	0001_initial	2025-09-14 22:40:16.626509+03
19	orders	0001_initial	2025-09-14 22:40:16.721661+03
20	inventory	0001_initial	2025-09-14 22:40:16.753192+03
21	sessions	0001_initial	2025-09-14 22:40:16.762947+03
22	orders	0002_workgroup_alter_servicework_labor_cost_and_more	2025-09-16 23:21:04.859317+03
23	clients	0002_alter_client_phone	2025-09-17 00:00:19.92721+03
24	orders	0003_serviceorder_car_photo_serviceorder_odometer_photo_and_more	2025-09-17 23:09:47.095006+03
\.


--
-- Data for Name: django_session; Type: TABLE DATA; Schema: public; Owner: -
--

COPY public.django_session (session_key, session_data, expire_date) FROM stdin;
wh5si4iux56a39qmmdc40o4fben3jku1	.eJxVjEEOwiAQRe_C2hAKSAeX7nsGMjOAVA0kpV0Z765NutDtf-_9lwi4rSVsPS1hjuIiBnH63Qj5keoO4h3rrUludV1mkrsiD9rl1GJ6Xg_376BgL9-aOY_ZYWavXALjDCgHrFGT9iZbD9F5grMmpTRbl81AQMkai6gUjCzeH-ftN6Y:1uxsbF:aQhCvnq7EAPbLVlcQ_Ye3Q6xseifRCoaXrV4G-srQWU	2025-09-28 22:41:25.171082+03
b3s7e01hu5m9v66h2m4fj04jk5mz65v2	.eJxVjEEOwiAQRe_C2hAKSAeX7nsGMjOAVA0kpV0Z765NutDtf-_9lwi4rSVsPS1hjuIiBnH63Qj5keoO4h3rrUludV1mkrsiD9rl1GJ6Xg_376BgL9-aOY_ZYWavXALjDCgHrFGT9iZbD9F5grMmpTRbl81AQMkai6gUjCzeH-ftN6Y:1uyc00:1C07mOhpemdElmFOUPvnxkrJal0dvoMa_OFNryZKZ_M	2025-09-30 23:10:00.761651+03
83riohn2g4qs66ber72sbpkghpwhr2oo	.eJxVjEEOwiAQRe_C2hAKSAeX7nsGMjOAVA0kpV0Z765NutDtf-_9lwi4rSVsPS1hjuIiBnH63Qj5keoO4h3rrUludV1mkrsiD9rl1GJ6Xg_376BgL9-aOY_ZYWavXALjDCgHrFGT9iZbD9F5grMmpTRbl81AQMkai6gUjCzeH-ftN6Y:1uyyYI:5CvxR2W_wM1keK07sv-2QwoPW8tbB0XIGygmlX7thnM	2025-10-01 23:14:54.76018+03
vesok8avwo2twjty9cbnw9hqtt363ej4	.eJxVjEEOwiAQRe_C2hAKSAeX7nsGMjOAVA0kpV0Z765NutDtf-_9lwi4rSVsPS1hjuIiBnH63Qj5keoO4h3rrUludV1mkrsiD9rl1GJ6Xg_376BgL9-aOY_ZYWavXALjDCgHrFGT9iZbD9F5grMmpTRbl81AQMkai6gUjCzeH-ftN6Y:1uzKhX:rQ7NzjBq5KftUZDenKGmlX9yU0u8mLUmJtidwQ6y5iE	2025-10-02 22:53:55.77709+03
\.


--
-- Data for Name: inventory_part; Type: TABLE DATA; Schema: public; Owner: -
--

COPY public.inventory_part (id, name, sku_code, current_stock, price) FROM stdin;
\.


--
-- Data for Name: inventory_usedpart; Type: TABLE DATA; Schema: public; Owner: -
--

COPY public.inventory_usedpart (id, quantity, part_id, service_work_id) FROM stdin;
\.


--
-- Data for Name: orders_employee; Type: TABLE DATA; Schema: public; Owner: -
--

COPY public.orders_employee (id, name, "position", phone) FROM stdin;
1	Тарас Демків	Механік	
\.


--
-- Data for Name: orders_maintenancelog; Type: TABLE DATA; Schema: public; Owner: -
--

COPY public.orders_maintenancelog (id, completion_date, completion_mileage, truck_id, rule_id) FROM stdin;
\.


--
-- Data for Name: orders_maintenancerule; Type: TABLE DATA; Schema: public; Owner: -
--

COPY public.orders_maintenancerule (id, name, interval_km, applicable_transmission) FROM stdin;
1	Заміна оливи в двигуні	20000	any
\.


--
-- Data for Name: orders_maintenancerule_applicable_models; Type: TABLE DATA; Schema: public; Owner: -
--

COPY public.orders_maintenancerule_applicable_models (id, maintenancerule_id, ivecobasemodel_id) FROM stdin;
1	1	2
\.


--
-- Data for Name: orders_repairphoto; Type: TABLE DATA; Schema: public; Owner: -
--

COPY public.orders_repairphoto (id, image, caption, uploaded_at, service_order_id) FROM stdin;
\.


--
-- Data for Name: orders_serviceorder; Type: TABLE DATA; Schema: public; Owner: -
--

COPY public.orders_serviceorder (id, status, description, start_date, end_date, total_cost, client_id, truck_id, car_photo, odometer_photo) FROM stdin;
\.


--
-- Data for Name: orders_servicework; Type: TABLE DATA; Schema: public; Owner: -
--

COPY public.orders_servicework (id, job_description, labor_cost, duration_hours, employee_id, service_order_id, work_group_id) FROM stdin;
\.


--
-- Data for Name: orders_workgroup; Type: TABLE DATA; Schema: public; Owner: -
--

COPY public.orders_workgroup (id, name, price_per_hour) FROM stdin;
1	Обслуговування автомобіля	700.00
2	Ремонт електропроводки автомобіля	700.00
3	Ремонт ходової частини	700.00
4	Комп'ютерна діагностика	1000.00
\.


--
-- Name: auth_group_id_seq; Type: SEQUENCE SET; Schema: public; Owner: -
--

SELECT pg_catalog.setval('public.auth_group_id_seq', 2, true);


--
-- Name: auth_group_permissions_id_seq; Type: SEQUENCE SET; Schema: public; Owner: -
--

SELECT pg_catalog.setval('public.auth_group_permissions_id_seq', 64, true);


--
-- Name: auth_permission_id_seq; Type: SEQUENCE SET; Schema: public; Owner: -
--

SELECT pg_catalog.setval('public.auth_permission_id_seq', 72, true);


--
-- Name: auth_user_groups_id_seq; Type: SEQUENCE SET; Schema: public; Owner: -
--

SELECT pg_catalog.setval('public.auth_user_groups_id_seq', 1, true);


--
-- Name: auth_user_id_seq; Type: SEQUENCE SET; Schema: public; Owner: -
--

SELECT pg_catalog.setval('public.auth_user_id_seq', 2, true);


--
-- Name: auth_user_user_permissions_id_seq; Type: SEQUENCE SET; Schema: public; Owner: -
--

SELECT pg_catalog.setval('public.auth_user_user_permissions_id_seq', 1, false);


--
-- Name: clients_client_id_seq; Type: SEQUENCE SET; Schema: public; Owner: -
--

SELECT pg_catalog.setval('public.clients_client_id_seq', 1425, true);


--
-- Name: clients_ivecobasemodel_id_seq; Type: SEQUENCE SET; Schema: public; Owner: -
--

SELECT pg_catalog.setval('public.clients_ivecobasemodel_id_seq', 4, true);


--
-- Name: clients_truck_id_seq; Type: SEQUENCE SET; Schema: public; Owner: -
--

SELECT pg_catalog.setval('public.clients_truck_id_seq', 2499, true);


--
-- Name: django_admin_log_id_seq; Type: SEQUENCE SET; Schema: public; Owner: -
--

SELECT pg_catalog.setval('public.django_admin_log_id_seq', 21, true);


--
-- Name: django_content_type_id_seq; Type: SEQUENCE SET; Schema: public; Owner: -
--

SELECT pg_catalog.setval('public.django_content_type_id_seq', 18, true);


--
-- Name: django_migrations_id_seq; Type: SEQUENCE SET; Schema: public; Owner: -
--

SELECT pg_catalog.setval('public.django_migrations_id_seq', 24, true);


--
-- Name: inventory_part_id_seq; Type: SEQUENCE SET; Schema: public; Owner: -
--

SELECT pg_catalog.setval('public.inventory_part_id_seq', 1, false);


--
-- Name: inventory_usedpart_id_seq; Type: SEQUENCE SET; Schema: public; Owner: -
--

SELECT pg_catalog.setval('public.inventory_usedpart_id_seq', 7, true);


--
-- Name: orders_employee_id_seq; Type: SEQUENCE SET; Schema: public; Owner: -
--

SELECT pg_catalog.setval('public.orders_employee_id_seq', 1, true);


--
-- Name: orders_maintenancelog_id_seq; Type: SEQUENCE SET; Schema: public; Owner: -
--

SELECT pg_catalog.setval('public.orders_maintenancelog_id_seq', 1, true);


--
-- Name: orders_maintenancerule_applicable_models_id_seq; Type: SEQUENCE SET; Schema: public; Owner: -
--

SELECT pg_catalog.setval('public.orders_maintenancerule_applicable_models_id_seq', 1, true);


--
-- Name: orders_maintenancerule_id_seq; Type: SEQUENCE SET; Schema: public; Owner: -
--

SELECT pg_catalog.setval('public.orders_maintenancerule_id_seq', 1, true);


--
-- Name: orders_repairphoto_id_seq; Type: SEQUENCE SET; Schema: public; Owner: -
--

SELECT pg_catalog.setval('public.orders_repairphoto_id_seq', 1, false);


--
-- Name: orders_serviceorder_id_seq; Type: SEQUENCE SET; Schema: public; Owner: -
--

SELECT pg_catalog.setval('public.orders_serviceorder_id_seq', 1, true);


--
-- Name: orders_servicework_id_seq; Type: SEQUENCE SET; Schema: public; Owner: -
--

SELECT pg_catalog.setval('public.orders_servicework_id_seq', 5, true);


--
-- Name: orders_workgroup_id_seq; Type: SEQUENCE SET; Schema: public; Owner: -
--

SELECT pg_catalog.setval('public.orders_workgroup_id_seq', 4, true);


--
-- Name: auth_group auth_group_name_key; Type: CONSTRAINT; Schema: public; Owner: -
--

ALTER TABLE ONLY public.auth_group
    ADD CONSTRAINT auth_group_name_key UNIQUE (name);


--
-- Name: auth_group_permissions auth_group_permissions_group_id_permission_id_0cd325b0_uniq; Type: CONSTRAINT; Schema: public; Owner: -
--

ALTER TABLE ONLY public.auth_group_permissions
    ADD CONSTRAINT auth_group_permissions_group_id_permission_id_0cd325b0_uniq UNIQUE (group_id, permission_id);


--
-- Name: auth_group_permissions auth_group_permissions_pkey; Type: CONSTRAINT; Schema: public; Owner: -
--

ALTER TABLE ONLY public.auth_group_permissions
    ADD CONSTRAINT auth_group_permissions_pkey PRIMARY KEY (id);


--
-- Name: auth_group auth_group_pkey; Type: CONSTRAINT; Schema: public; Owner: -
--

ALTER TABLE ONLY public.auth_group
    ADD CONSTRAINT auth_group_pkey PRIMARY KEY (id);


--
-- Name: auth_permission auth_permission_content_type_id_codename_01ab375a_uniq; Type: CONSTRAINT; Schema: public; Owner: -
--

ALTER TABLE ONLY public.auth_permission
    ADD CONSTRAINT auth_permission_content_type_id_codename_01ab375a_uniq UNIQUE (content_type_id, codename);


--
-- Name: auth_permission auth_permission_pkey; Type: CONSTRAINT; Schema: public; Owner: -
--

ALTER TABLE ONLY public.auth_permission
    ADD CONSTRAINT auth_permission_pkey PRIMARY KEY (id);


--
-- Name: auth_user_groups auth_user_groups_pkey; Type: CONSTRAINT; Schema: public; Owner: -
--

ALTER TABLE ONLY public.auth_user_groups
    ADD CONSTRAINT auth_user_groups_pkey PRIMARY KEY (id);


--
-- Name: auth_user_groups auth_user_groups_user_id_group_id_94350c0c_uniq; Type: CONSTRAINT; Schema: public; Owner: -
--

ALTER TABLE ONLY public.auth_user_groups
    ADD CONSTRAINT auth_user_groups_user_id_group_id_94350c0c_uniq UNIQUE (user_id, group_id);


--
-- Name: auth_user auth_user_pkey; Type: CONSTRAINT; Schema: public; Owner: -
--

ALTER TABLE ONLY public.auth_user
    ADD CONSTRAINT auth_user_pkey PRIMARY KEY (id);


--
-- Name: auth_user_user_permissions auth_user_user_permissions_pkey; Type: CONSTRAINT; Schema: public; Owner: -
--

ALTER TABLE ONLY public.auth_user_user_permissions
    ADD CONSTRAINT auth_user_user_permissions_pkey PRIMARY KEY (id);


--
-- Name: auth_user_user_permissions auth_user_user_permissions_user_id_permission_id_14a6b632_uniq; Type: CONSTRAINT; Schema: public; Owner: -
--

ALTER TABLE ONLY public.auth_user_user_permissions
    ADD CONSTRAINT auth_user_user_permissions_user_id_permission_id_14a6b632_uniq UNIQUE (user_id, permission_id);


--
-- Name: auth_user auth_user_username_key; Type: CONSTRAINT; Schema: public; Owner: -
--

ALTER TABLE ONLY public.auth_user
    ADD CONSTRAINT auth_user_username_key UNIQUE (username);


--
-- Name: clients_client clients_client_phone_key; Type: CONSTRAINT; Schema: public; Owner: -
--

ALTER TABLE ONLY public.clients_client
    ADD CONSTRAINT clients_client_phone_key UNIQUE (phone);


--
-- Name: clients_client clients_client_pkey; Type: CONSTRAINT; Schema: public; Owner: -
--

ALTER TABLE ONLY public.clients_client
    ADD CONSTRAINT clients_client_pkey PRIMARY KEY (id);


--
-- Name: clients_ivecobasemodel clients_ivecobasemodel_name_key; Type: CONSTRAINT; Schema: public; Owner: -
--

ALTER TABLE ONLY public.clients_ivecobasemodel
    ADD CONSTRAINT clients_ivecobasemodel_name_key UNIQUE (name);


--
-- Name: clients_ivecobasemodel clients_ivecobasemodel_pkey; Type: CONSTRAINT; Schema: public; Owner: -
--

ALTER TABLE ONLY public.clients_ivecobasemodel
    ADD CONSTRAINT clients_ivecobasemodel_pkey PRIMARY KEY (id);


--
-- Name: clients_truck clients_truck_full_vin_key; Type: CONSTRAINT; Schema: public; Owner: -
--

ALTER TABLE ONLY public.clients_truck
    ADD CONSTRAINT clients_truck_full_vin_key UNIQUE (full_vin);


--
-- Name: clients_truck clients_truck_last_seven_vin_key; Type: CONSTRAINT; Schema: public; Owner: -
--

ALTER TABLE ONLY public.clients_truck
    ADD CONSTRAINT clients_truck_last_seven_vin_key UNIQUE (last_seven_vin);


--
-- Name: clients_truck clients_truck_pkey; Type: CONSTRAINT; Schema: public; Owner: -
--

ALTER TABLE ONLY public.clients_truck
    ADD CONSTRAINT clients_truck_pkey PRIMARY KEY (id);


--
-- Name: django_admin_log django_admin_log_pkey; Type: CONSTRAINT; Schema: public; Owner: -
--

ALTER TABLE ONLY public.django_admin_log
    ADD CONSTRAINT django_admin_log_pkey PRIMARY KEY (id);


--
-- Name: django_content_type django_content_type_app_label_model_76bd3d3b_uniq; Type: CONSTRAINT; Schema: public; Owner: -
--

ALTER TABLE ONLY public.django_content_type
    ADD CONSTRAINT django_content_type_app_label_model_76bd3d3b_uniq UNIQUE (app_label, model);


--
-- Name: django_content_type django_content_type_pkey; Type: CONSTRAINT; Schema: public; Owner: -
--

ALTER TABLE ONLY public.django_content_type
    ADD CONSTRAINT django_content_type_pkey PRIMARY KEY (id);


--
-- Name: django_migrations django_migrations_pkey; Type: CONSTRAINT; Schema: public; Owner: -
--

ALTER TABLE ONLY public.django_migrations
    ADD CONSTRAINT django_migrations_pkey PRIMARY KEY (id);


--
-- Name: django_session django_session_pkey; Type: CONSTRAINT; Schema: public; Owner: -
--

ALTER TABLE ONLY public.django_session
    ADD CONSTRAINT django_session_pkey PRIMARY KEY (session_key);


--
-- Name: inventory_part inventory_part_pkey; Type: CONSTRAINT; Schema: public; Owner: -
--

ALTER TABLE ONLY public.inventory_part
    ADD CONSTRAINT inventory_part_pkey PRIMARY KEY (id);


--
-- Name: inventory_part inventory_part_sku_code_key; Type: CONSTRAINT; Schema: public; Owner: -
--

ALTER TABLE ONLY public.inventory_part
    ADD CONSTRAINT inventory_part_sku_code_key UNIQUE (sku_code);


--
-- Name: inventory_usedpart inventory_usedpart_pkey; Type: CONSTRAINT; Schema: public; Owner: -
--

ALTER TABLE ONLY public.inventory_usedpart
    ADD CONSTRAINT inventory_usedpart_pkey PRIMARY KEY (id);


--
-- Name: inventory_usedpart inventory_usedpart_service_work_id_part_id_eb6e1abd_uniq; Type: CONSTRAINT; Schema: public; Owner: -
--

ALTER TABLE ONLY public.inventory_usedpart
    ADD CONSTRAINT inventory_usedpart_service_work_id_part_id_eb6e1abd_uniq UNIQUE (service_work_id, part_id);


--
-- Name: orders_employee orders_employee_pkey; Type: CONSTRAINT; Schema: public; Owner: -
--

ALTER TABLE ONLY public.orders_employee
    ADD CONSTRAINT orders_employee_pkey PRIMARY KEY (id);


--
-- Name: orders_maintenancelog orders_maintenancelog_pkey; Type: CONSTRAINT; Schema: public; Owner: -
--

ALTER TABLE ONLY public.orders_maintenancelog
    ADD CONSTRAINT orders_maintenancelog_pkey PRIMARY KEY (id);


--
-- Name: orders_maintenancerule_applicable_models orders_maintenancerule_a_maintenancerule_id_iveco_5d25d1ad_uniq; Type: CONSTRAINT; Schema: public; Owner: -
--

ALTER TABLE ONLY public.orders_maintenancerule_applicable_models
    ADD CONSTRAINT orders_maintenancerule_a_maintenancerule_id_iveco_5d25d1ad_uniq UNIQUE (maintenancerule_id, ivecobasemodel_id);


--
-- Name: orders_maintenancerule_applicable_models orders_maintenancerule_applicable_models_pkey; Type: CONSTRAINT; Schema: public; Owner: -
--

ALTER TABLE ONLY public.orders_maintenancerule_applicable_models
    ADD CONSTRAINT orders_maintenancerule_applicable_models_pkey PRIMARY KEY (id);


--
-- Name: orders_maintenancerule orders_maintenancerule_pkey; Type: CONSTRAINT; Schema: public; Owner: -
--

ALTER TABLE ONLY public.orders_maintenancerule
    ADD CONSTRAINT orders_maintenancerule_pkey PRIMARY KEY (id);


--
-- Name: orders_repairphoto orders_repairphoto_pkey; Type: CONSTRAINT; Schema: public; Owner: -
--

ALTER TABLE ONLY public.orders_repairphoto
    ADD CONSTRAINT orders_repairphoto_pkey PRIMARY KEY (id);


--
-- Name: orders_serviceorder orders_serviceorder_pkey; Type: CONSTRAINT; Schema: public; Owner: -
--

ALTER TABLE ONLY public.orders_serviceorder
    ADD CONSTRAINT orders_serviceorder_pkey PRIMARY KEY (id);


--
-- Name: orders_servicework orders_servicework_pkey; Type: CONSTRAINT; Schema: public; Owner: -
--

ALTER TABLE ONLY public.orders_servicework
    ADD CONSTRAINT orders_servicework_pkey PRIMARY KEY (id);


--
-- Name: orders_workgroup orders_workgroup_name_key; Type: CONSTRAINT; Schema: public; Owner: -
--

ALTER TABLE ONLY public.orders_workgroup
    ADD CONSTRAINT orders_workgroup_name_key UNIQUE (name);


--
-- Name: orders_workgroup orders_workgroup_pkey; Type: CONSTRAINT; Schema: public; Owner: -
--

ALTER TABLE ONLY public.orders_workgroup
    ADD CONSTRAINT orders_workgroup_pkey PRIMARY KEY (id);


--
-- Name: auth_group_name_a6ea08ec_like; Type: INDEX; Schema: public; Owner: -
--

CREATE INDEX auth_group_name_a6ea08ec_like ON public.auth_group USING btree (name varchar_pattern_ops);


--
-- Name: auth_group_permissions_group_id_b120cbf9; Type: INDEX; Schema: public; Owner: -
--

CREATE INDEX auth_group_permissions_group_id_b120cbf9 ON public.auth_group_permissions USING btree (group_id);


--
-- Name: auth_group_permissions_permission_id_84c5c92e; Type: INDEX; Schema: public; Owner: -
--

CREATE INDEX auth_group_permissions_permission_id_84c5c92e ON public.auth_group_permissions USING btree (permission_id);


--
-- Name: auth_permission_content_type_id_2f476e4b; Type: INDEX; Schema: public; Owner: -
--

CREATE INDEX auth_permission_content_type_id_2f476e4b ON public.auth_permission USING btree (content_type_id);


--
-- Name: auth_user_groups_group_id_97559544; Type: INDEX; Schema: public; Owner: -
--

CREATE INDEX auth_user_groups_group_id_97559544 ON public.auth_user_groups USING btree (group_id);


--
-- Name: auth_user_groups_user_id_6a12ed8b; Type: INDEX; Schema: public; Owner: -
--

CREATE INDEX auth_user_groups_user_id_6a12ed8b ON public.auth_user_groups USING btree (user_id);


--
-- Name: auth_user_user_permissions_permission_id_1fbb5f2c; Type: INDEX; Schema: public; Owner: -
--

CREATE INDEX auth_user_user_permissions_permission_id_1fbb5f2c ON public.auth_user_user_permissions USING btree (permission_id);


--
-- Name: auth_user_user_permissions_user_id_a95ead1b; Type: INDEX; Schema: public; Owner: -
--

CREATE INDEX auth_user_user_permissions_user_id_a95ead1b ON public.auth_user_user_permissions USING btree (user_id);


--
-- Name: auth_user_username_6821ab7c_like; Type: INDEX; Schema: public; Owner: -
--

CREATE INDEX auth_user_username_6821ab7c_like ON public.auth_user USING btree (username varchar_pattern_ops);


--
-- Name: clients_client_phone_77380a5c_like; Type: INDEX; Schema: public; Owner: -
--

CREATE INDEX clients_client_phone_77380a5c_like ON public.clients_client USING btree (phone varchar_pattern_ops);


--
-- Name: clients_ivecobasemodel_name_1dc0211e_like; Type: INDEX; Schema: public; Owner: -
--

CREATE INDEX clients_ivecobasemodel_name_1dc0211e_like ON public.clients_ivecobasemodel USING btree (name varchar_pattern_ops);


--
-- Name: clients_truck_base_model_id_1a62b7e7; Type: INDEX; Schema: public; Owner: -
--

CREATE INDEX clients_truck_base_model_id_1a62b7e7 ON public.clients_truck USING btree (base_model_id);


--
-- Name: clients_truck_client_id_b064537a; Type: INDEX; Schema: public; Owner: -
--

CREATE INDEX clients_truck_client_id_b064537a ON public.clients_truck USING btree (client_id);


--
-- Name: clients_truck_full_vin_5ede54f8_like; Type: INDEX; Schema: public; Owner: -
--

CREATE INDEX clients_truck_full_vin_5ede54f8_like ON public.clients_truck USING btree (full_vin varchar_pattern_ops);


--
-- Name: clients_truck_last_seven_vin_36aa5aad_like; Type: INDEX; Schema: public; Owner: -
--

CREATE INDEX clients_truck_last_seven_vin_36aa5aad_like ON public.clients_truck USING btree (last_seven_vin varchar_pattern_ops);


--
-- Name: django_admin_log_content_type_id_c4bce8eb; Type: INDEX; Schema: public; Owner: -
--

CREATE INDEX django_admin_log_content_type_id_c4bce8eb ON public.django_admin_log USING btree (content_type_id);


--
-- Name: django_admin_log_user_id_c564eba6; Type: INDEX; Schema: public; Owner: -
--

CREATE INDEX django_admin_log_user_id_c564eba6 ON public.django_admin_log USING btree (user_id);


--
-- Name: django_session_expire_date_a5c62663; Type: INDEX; Schema: public; Owner: -
--

CREATE INDEX django_session_expire_date_a5c62663 ON public.django_session USING btree (expire_date);


--
-- Name: django_session_session_key_c0390e0f_like; Type: INDEX; Schema: public; Owner: -
--

CREATE INDEX django_session_session_key_c0390e0f_like ON public.django_session USING btree (session_key varchar_pattern_ops);


--
-- Name: inventory_part_sku_code_6d5c0ebb_like; Type: INDEX; Schema: public; Owner: -
--

CREATE INDEX inventory_part_sku_code_6d5c0ebb_like ON public.inventory_part USING btree (sku_code varchar_pattern_ops);


--
-- Name: inventory_usedpart_part_id_a8775c47; Type: INDEX; Schema: public; Owner: -
--

CREATE INDEX inventory_usedpart_part_id_a8775c47 ON public.inventory_usedpart USING btree (part_id);


--
-- Name: inventory_usedpart_service_work_id_2bdc6bb9; Type: INDEX; Schema: public; Owner: -
--

CREATE INDEX inventory_usedpart_service_work_id_2bdc6bb9 ON public.inventory_usedpart USING btree (service_work_id);


--
-- Name: orders_maintenancelog_rule_id_2fe80fc5; Type: INDEX; Schema: public; Owner: -
--

CREATE INDEX orders_maintenancelog_rule_id_2fe80fc5 ON public.orders_maintenancelog USING btree (rule_id);


--
-- Name: orders_maintenancelog_truck_id_18c1a9cc; Type: INDEX; Schema: public; Owner: -
--

CREATE INDEX orders_maintenancelog_truck_id_18c1a9cc ON public.orders_maintenancelog USING btree (truck_id);


--
-- Name: orders_maintenancerule_app_ivecobasemodel_id_8929e4bb; Type: INDEX; Schema: public; Owner: -
--

CREATE INDEX orders_maintenancerule_app_ivecobasemodel_id_8929e4bb ON public.orders_maintenancerule_applicable_models USING btree (ivecobasemodel_id);


--
-- Name: orders_maintenancerule_app_maintenancerule_id_39b787a4; Type: INDEX; Schema: public; Owner: -
--

CREATE INDEX orders_maintenancerule_app_maintenancerule_id_39b787a4 ON public.orders_maintenancerule_applicable_models USING btree (maintenancerule_id);


--
-- Name: orders_repairphoto_service_order_id_4889448c; Type: INDEX; Schema: public; Owner: -
--

CREATE INDEX orders_repairphoto_service_order_id_4889448c ON public.orders_repairphoto USING btree (service_order_id);


--
-- Name: orders_serviceorder_client_id_a9050bb9; Type: INDEX; Schema: public; Owner: -
--

CREATE INDEX orders_serviceorder_client_id_a9050bb9 ON public.orders_serviceorder USING btree (client_id);


--
-- Name: orders_serviceorder_truck_id_fdc61ee4; Type: INDEX; Schema: public; Owner: -
--

CREATE INDEX orders_serviceorder_truck_id_fdc61ee4 ON public.orders_serviceorder USING btree (truck_id);


--
-- Name: orders_servicework_employee_id_6628a429; Type: INDEX; Schema: public; Owner: -
--

CREATE INDEX orders_servicework_employee_id_6628a429 ON public.orders_servicework USING btree (employee_id);


--
-- Name: orders_servicework_service_order_id_257f845c; Type: INDEX; Schema: public; Owner: -
--

CREATE INDEX orders_servicework_service_order_id_257f845c ON public.orders_servicework USING btree (service_order_id);


--
-- Name: orders_servicework_work_group_id_4ad0e97a; Type: INDEX; Schema: public; Owner: -
--

CREATE INDEX orders_servicework_work_group_id_4ad0e97a ON public.orders_servicework USING btree (work_group_id);


--
-- Name: orders_workgroup_name_220c28a6_like; Type: INDEX; Schema: public; Owner: -
--

CREATE INDEX orders_workgroup_name_220c28a6_like ON public.orders_workgroup USING btree (name varchar_pattern_ops);


--
-- Name: auth_group_permissions auth_group_permissio_permission_id_84c5c92e_fk_auth_perm; Type: FK CONSTRAINT; Schema: public; Owner: -
--

ALTER TABLE ONLY public.auth_group_permissions
    ADD CONSTRAINT auth_group_permissio_permission_id_84c5c92e_fk_auth_perm FOREIGN KEY (permission_id) REFERENCES public.auth_permission(id) DEFERRABLE INITIALLY DEFERRED;


--
-- Name: auth_group_permissions auth_group_permissions_group_id_b120cbf9_fk_auth_group_id; Type: FK CONSTRAINT; Schema: public; Owner: -
--

ALTER TABLE ONLY public.auth_group_permissions
    ADD CONSTRAINT auth_group_permissions_group_id_b120cbf9_fk_auth_group_id FOREIGN KEY (group_id) REFERENCES public.auth_group(id) DEFERRABLE INITIALLY DEFERRED;


--
-- Name: auth_permission auth_permission_content_type_id_2f476e4b_fk_django_co; Type: FK CONSTRAINT; Schema: public; Owner: -
--

ALTER TABLE ONLY public.auth_permission
    ADD CONSTRAINT auth_permission_content_type_id_2f476e4b_fk_django_co FOREIGN KEY (content_type_id) REFERENCES public.django_content_type(id) DEFERRABLE INITIALLY DEFERRED;


--
-- Name: auth_user_groups auth_user_groups_group_id_97559544_fk_auth_group_id; Type: FK CONSTRAINT; Schema: public; Owner: -
--

ALTER TABLE ONLY public.auth_user_groups
    ADD CONSTRAINT auth_user_groups_group_id_97559544_fk_auth_group_id FOREIGN KEY (group_id) REFERENCES public.auth_group(id) DEFERRABLE INITIALLY DEFERRED;


--
-- Name: auth_user_groups auth_user_groups_user_id_6a12ed8b_fk_auth_user_id; Type: FK CONSTRAINT; Schema: public; Owner: -
--

ALTER TABLE ONLY public.auth_user_groups
    ADD CONSTRAINT auth_user_groups_user_id_6a12ed8b_fk_auth_user_id FOREIGN KEY (user_id) REFERENCES public.auth_user(id) DEFERRABLE INITIALLY DEFERRED;


--
-- Name: auth_user_user_permissions auth_user_user_permi_permission_id_1fbb5f2c_fk_auth_perm; Type: FK CONSTRAINT; Schema: public; Owner: -
--

ALTER TABLE ONLY public.auth_user_user_permissions
    ADD CONSTRAINT auth_user_user_permi_permission_id_1fbb5f2c_fk_auth_perm FOREIGN KEY (permission_id) REFERENCES public.auth_permission(id) DEFERRABLE INITIALLY DEFERRED;


--
-- Name: auth_user_user_permissions auth_user_user_permissions_user_id_a95ead1b_fk_auth_user_id; Type: FK CONSTRAINT; Schema: public; Owner: -
--

ALTER TABLE ONLY public.auth_user_user_permissions
    ADD CONSTRAINT auth_user_user_permissions_user_id_a95ead1b_fk_auth_user_id FOREIGN KEY (user_id) REFERENCES public.auth_user(id) DEFERRABLE INITIALLY DEFERRED;


--
-- Name: clients_truck clients_truck_base_model_id_1a62b7e7_fk_clients_i; Type: FK CONSTRAINT; Schema: public; Owner: -
--

ALTER TABLE ONLY public.clients_truck
    ADD CONSTRAINT clients_truck_base_model_id_1a62b7e7_fk_clients_i FOREIGN KEY (base_model_id) REFERENCES public.clients_ivecobasemodel(id) DEFERRABLE INITIALLY DEFERRED;


--
-- Name: clients_truck clients_truck_client_id_b064537a_fk_clients_client_id; Type: FK CONSTRAINT; Schema: public; Owner: -
--

ALTER TABLE ONLY public.clients_truck
    ADD CONSTRAINT clients_truck_client_id_b064537a_fk_clients_client_id FOREIGN KEY (client_id) REFERENCES public.clients_client(id) DEFERRABLE INITIALLY DEFERRED;


--
-- Name: django_admin_log django_admin_log_content_type_id_c4bce8eb_fk_django_co; Type: FK CONSTRAINT; Schema: public; Owner: -
--

ALTER TABLE ONLY public.django_admin_log
    ADD CONSTRAINT django_admin_log_content_type_id_c4bce8eb_fk_django_co FOREIGN KEY (content_type_id) REFERENCES public.django_content_type(id) DEFERRABLE INITIALLY DEFERRED;


--
-- Name: django_admin_log django_admin_log_user_id_c564eba6_fk_auth_user_id; Type: FK CONSTRAINT; Schema: public; Owner: -
--

ALTER TABLE ONLY public.django_admin_log
    ADD CONSTRAINT django_admin_log_user_id_c564eba6_fk_auth_user_id FOREIGN KEY (user_id) REFERENCES public.auth_user(id) DEFERRABLE INITIALLY DEFERRED;


--
-- Name: inventory_usedpart inventory_usedpart_part_id_a8775c47_fk_inventory_part_id; Type: FK CONSTRAINT; Schema: public; Owner: -
--

ALTER TABLE ONLY public.inventory_usedpart
    ADD CONSTRAINT inventory_usedpart_part_id_a8775c47_fk_inventory_part_id FOREIGN KEY (part_id) REFERENCES public.inventory_part(id) DEFERRABLE INITIALLY DEFERRED;


--
-- Name: inventory_usedpart inventory_usedpart_service_work_id_2bdc6bb9_fk_orders_se; Type: FK CONSTRAINT; Schema: public; Owner: -
--

ALTER TABLE ONLY public.inventory_usedpart
    ADD CONSTRAINT inventory_usedpart_service_work_id_2bdc6bb9_fk_orders_se FOREIGN KEY (service_work_id) REFERENCES public.orders_servicework(id) DEFERRABLE INITIALLY DEFERRED;


--
-- Name: orders_maintenancelog orders_maintenancelo_rule_id_2fe80fc5_fk_orders_ma; Type: FK CONSTRAINT; Schema: public; Owner: -
--

ALTER TABLE ONLY public.orders_maintenancelog
    ADD CONSTRAINT orders_maintenancelo_rule_id_2fe80fc5_fk_orders_ma FOREIGN KEY (rule_id) REFERENCES public.orders_maintenancerule(id) DEFERRABLE INITIALLY DEFERRED;


--
-- Name: orders_maintenancelog orders_maintenancelog_truck_id_18c1a9cc_fk_clients_truck_id; Type: FK CONSTRAINT; Schema: public; Owner: -
--

ALTER TABLE ONLY public.orders_maintenancelog
    ADD CONSTRAINT orders_maintenancelog_truck_id_18c1a9cc_fk_clients_truck_id FOREIGN KEY (truck_id) REFERENCES public.clients_truck(id) DEFERRABLE INITIALLY DEFERRED;


--
-- Name: orders_maintenancerule_applicable_models orders_maintenanceru_ivecobasemodel_id_8929e4bb_fk_clients_i; Type: FK CONSTRAINT; Schema: public; Owner: -
--

ALTER TABLE ONLY public.orders_maintenancerule_applicable_models
    ADD CONSTRAINT orders_maintenanceru_ivecobasemodel_id_8929e4bb_fk_clients_i FOREIGN KEY (ivecobasemodel_id) REFERENCES public.clients_ivecobasemodel(id) DEFERRABLE INITIALLY DEFERRED;


--
-- Name: orders_maintenancerule_applicable_models orders_maintenanceru_maintenancerule_id_39b787a4_fk_orders_ma; Type: FK CONSTRAINT; Schema: public; Owner: -
--

ALTER TABLE ONLY public.orders_maintenancerule_applicable_models
    ADD CONSTRAINT orders_maintenanceru_maintenancerule_id_39b787a4_fk_orders_ma FOREIGN KEY (maintenancerule_id) REFERENCES public.orders_maintenancerule(id) DEFERRABLE INITIALLY DEFERRED;


--
-- Name: orders_repairphoto orders_repairphoto_service_order_id_4889448c_fk_orders_se; Type: FK CONSTRAINT; Schema: public; Owner: -
--

ALTER TABLE ONLY public.orders_repairphoto
    ADD CONSTRAINT orders_repairphoto_service_order_id_4889448c_fk_orders_se FOREIGN KEY (service_order_id) REFERENCES public.orders_serviceorder(id) DEFERRABLE INITIALLY DEFERRED;


--
-- Name: orders_serviceorder orders_serviceorder_client_id_a9050bb9_fk_clients_client_id; Type: FK CONSTRAINT; Schema: public; Owner: -
--

ALTER TABLE ONLY public.orders_serviceorder
    ADD CONSTRAINT orders_serviceorder_client_id_a9050bb9_fk_clients_client_id FOREIGN KEY (client_id) REFERENCES public.clients_client(id) DEFERRABLE INITIALLY DEFERRED;


--
-- Name: orders_serviceorder orders_serviceorder_truck_id_fdc61ee4_fk_clients_truck_id; Type: FK CONSTRAINT; Schema: public; Owner: -
--

ALTER TABLE ONLY public.orders_serviceorder
    ADD CONSTRAINT orders_serviceorder_truck_id_fdc61ee4_fk_clients_truck_id FOREIGN KEY (truck_id) REFERENCES public.clients_truck(id) DEFERRABLE INITIALLY DEFERRED;


--
-- Name: orders_servicework orders_servicework_employee_id_6628a429_fk_orders_employee_id; Type: FK CONSTRAINT; Schema: public; Owner: -
--

ALTER TABLE ONLY public.orders_servicework
    ADD CONSTRAINT orders_servicework_employee_id_6628a429_fk_orders_employee_id FOREIGN KEY (employee_id) REFERENCES public.orders_employee(id) DEFERRABLE INITIALLY DEFERRED;


--
-- Name: orders_servicework orders_servicework_service_order_id_257f845c_fk_orders_se; Type: FK CONSTRAINT; Schema: public; Owner: -
--

ALTER TABLE ONLY public.orders_servicework
    ADD CONSTRAINT orders_servicework_service_order_id_257f845c_fk_orders_se FOREIGN KEY (service_order_id) REFERENCES public.orders_serviceorder(id) DEFERRABLE INITIALLY DEFERRED;


--
-- Name: orders_servicework orders_servicework_work_group_id_4ad0e97a_fk_orders_wo; Type: FK CONSTRAINT; Schema: public; Owner: -
--

ALTER TABLE ONLY public.orders_servicework
    ADD CONSTRAINT orders_servicework_work_group_id_4ad0e97a_fk_orders_wo FOREIGN KEY (work_group_id) REFERENCES public.orders_workgroup(id) DEFERRABLE INITIALLY DEFERRED;


--
-- PostgreSQL database dump complete
--

\unrestrict 2Ia3wSyrzUjeeQvF5P7qwYTo0CAYslf6sgFRzpxMkRpDejlHiLmLMdYSP0uukEI

